frame_path,video_path,timestamp_s,audio_path,candidate,label
data3/frames_cropped/Biden/Rframes/DuX4K4eeTz8_16.02s_f000384_c0.jpg,data3/Biden/Rvids/DuX4K4eeTz8.mkv,16.02,data3/audio_clips/Biden/real/DuX4K4eeTz8_16.02s_f000384_c0.wav,Biden,real
data3/frames_cropped/Biden/Rframes/9X3wERiaoHI_34.03s_f001020_c0.jpg,data3/Biden/Rvids/9X3wERiaoHI.mkv,34.03,data3/audio_clips/Biden/real/9X3wERiaoHI_34.03s_f001020_c0.wav,Biden,real
data3/frames_cropped/Biden/Rframes/-rnXhwCnaIc_130.00s_f003250_c0.jpg,data3/Biden/Rvids/-rnXhwCnaIc.webm,130.0,data3/audio_clips/Biden/real/-rnXhwCnaIc_130.00s_f003250_c0.wav,Biden,real
data3/frames_cropped/Biden/Rframes/0WGDsrRUsTc_32.03s_f000960_c0.jpg,data3/Biden/Rvids/0WGDsrRUsTc.webm,32.03,data3/audio_clips/Biden/real/0WGDsrRUsTc_32.03s_f000960_c0.wav,Biden,real
data3/frames_cropped/Biden/Rframes/YKq93dpbd10_24.02s_f000720_c0.jpg,data3/Biden/Rvids/YKq93dpbd10.mp4,24.02,data3/audio_clips/Biden/real/YKq93dpbd10_24.02s_f000720_c0.wav,Biden,real
data3/frames_cropped/Biden/Rframes/DuX4K4eeTz8_12.01s_f000288_c0.jpg,data3/Biden/Rvids/DuX4K4eeTz8.mkv,12.01,data3/audio_clips/Biden/real/DuX4K4eeTz8_12.01s_f000288_c0.wav,Biden,real
data3/frames_cropped/Biden/Rframes/_59agcnLAj4_18.00s_f000450_c0.jpg,data3/Biden/Rvids/_59agcnLAj4.webm,18.0,data3/audio_clips/Biden/real/_59agcnLAj4_18.00s_f000450_c0.wav,Biden,real
data3/frames_cropped/Biden/Rframes/YKq93dpbd10_32.03s_f000960_c0.jpg,data3/Biden/Rvids/YKq93dpbd10.mp4,32.03,data3/audio_clips/Biden/real/YKq93dpbd10_32.03s_f000960_c0.wav,Biden,real
data3/frames_cropped/Biden/Rframes/m2ay8kViOyQ_30.03s_f000720_c0.jpg,data3/Biden/Rvids/m2ay8kViOyQ.webm,30.03,data3/audio_clips/Biden/real/m2ay8kViOyQ_30.03s_f000720_c0.wav,Biden,real
data3/frames_cropped/Biden/Rframes/-rnXhwCnaIc_132.00s_f003300_c0.jpg,data3/Biden/Rvids/-rnXhwCnaIc.webm,132.0,data3/audio_clips/Biden/real/-rnXhwCnaIc_132.00s_f003300_c0.wav,Biden,real
data3/frames_cropped/Biden/Rframes/0WGDsrRUsTc_16.02s_f000480_c0.jpg,data3/Biden/Rvids/0WGDsrRUsTc.webm,16.02,data3/audio_clips/Biden/real/0WGDsrRUsTc_16.02s_f000480_c0.wav,Biden,real
data3/frames_cropped/Biden/Rframes/9X3wERiaoHI_30.03s_f000900_c0.jpg,data3/Biden/Rvids/9X3wERiaoHI.mkv,30.03,data3/audio_clips/Biden/real/9X3wERiaoHI_30.03s_f000900_c0.wav,Biden,real
data3/frames_cropped/Biden/Rframes/-rnXhwCnaIc_138.00s_f003450_c0.jpg,data3/Biden/Rvids/-rnXhwCnaIc.webm,138.0,data3/audio_clips/Biden/real/-rnXhwCnaIc_138.00s_f003450_c0.wav,Biden,real
data3/frames_cropped/Biden/Rframes/X0Q-aQ22HOk_24.02s_f000720_c0.jpg,data3/Biden/Rvids/X0Q-aQ22HOk.webm,24.02,data3/audio_clips/Biden/real/X0Q-aQ22HOk_24.02s_f000720_c0.wav,Biden,real
data3/frames_cropped/Biden/Rframes/YKq93dpbd10_16.02s_f000480_c0.jpg,data3/Biden/Rvids/YKq93dpbd10.mp4,16.02,data3/audio_clips/Biden/real/YKq93dpbd10_16.02s_f000480_c0.wav,Biden,real
data3/frames_cropped/Biden/Rframes/dBL4ujJ4dBo_0.00s_f000000_c0.jpg,data3/Biden/Rvids/dBL4ujJ4dBo.mkv,0.0,data3/audio_clips/Biden/real/dBL4ujJ4dBo_0.00s_f000000_c0.wav,Biden,real
data3/frames_cropped/Biden/Rframes/DuX4K4eeTz8_14.01s_f000336_c0.jpg,data3/Biden/Rvids/DuX4K4eeTz8.mkv,14.01,data3/audio_clips/Biden/real/DuX4K4eeTz8_14.01s_f000336_c0.wav,Biden,real
data3/frames_cropped/Biden/Rframes/DuX4K4eeTz8_4.00s_f000096_c0.jpg,data3/Biden/Rvids/DuX4K4eeTz8.mkv,4.0,data3/audio_clips/Biden/real/DuX4K4eeTz8_4.00s_f000096_c0.wav,Biden,real
data3/frames_cropped/Biden/Rframes/A0NOHae0O4E_4.00s_f000120_c0.jpg,data3/Biden/Rvids/A0NOHae0O4E.webm,4.0,data3/audio_clips/Biden/real/A0NOHae0O4E_4.00s_f000120_c0.wav,Biden,real
data3/frames_cropped/Biden/Rframes/X0Q-aQ22HOk_30.03s_f000900_c0.jpg,data3/Biden/Rvids/X0Q-aQ22HOk.webm,30.03,data3/audio_clips/Biden/real/X0Q-aQ22HOk_30.03s_f000900_c0.wav,Biden,real
data3/frames_cropped/Biden/Rframes/_59agcnLAj4_28.00s_f000700_c0.jpg,data3/Biden/Rvids/_59agcnLAj4.webm,28.0,data3/audio_clips/Biden/real/_59agcnLAj4_28.00s_f000700_c0.wav,Biden,real
data3/frames_cropped/Biden/Rframes/m2ay8kViOyQ_22.02s_f000528_c0.jpg,data3/Biden/Rvids/m2ay8kViOyQ.webm,22.02,data3/audio_clips/Biden/real/m2ay8kViOyQ_22.02s_f000528_c0.wav,Biden,real
data3/frames_cropped/Biden/Rframes/X0Q-aQ22HOk_4.00s_f000120_c0.jpg,data3/Biden/Rvids/X0Q-aQ22HOk.webm,4.0,data3/audio_clips/Biden/real/X0Q-aQ22HOk_4.00s_f000120_c0.wav,Biden,real
data3/frames_cropped/Biden/Rframes/dBL4ujJ4dBo_20.02s_f000600_c0.jpg,data3/Biden/Rvids/dBL4ujJ4dBo.mkv,20.02,data3/audio_clips/Biden/real/dBL4ujJ4dBo_20.02s_f000600_c0.wav,Biden,real
data3/frames_cropped/Biden/Rframes/9X3wERiaoHI_24.02s_f000720_c0.jpg,data3/Biden/Rvids/9X3wERiaoHI.mkv,24.02,data3/audio_clips/Biden/real/9X3wERiaoHI_24.02s_f000720_c0.wav,Biden,real
data3/frames_cropped/Biden/Rframes/A0NOHae0O4E_28.03s_f000840_c0.jpg,data3/Biden/Rvids/A0NOHae0O4E.webm,28.03,data3/audio_clips/Biden/real/A0NOHae0O4E_28.03s_f000840_c0.wav,Biden,real
data3/frames_cropped/Biden/Rframes/9X3wERiaoHI_14.01s_f000420_c0.jpg,data3/Biden/Rvids/9X3wERiaoHI.mkv,14.01,data3/audio_clips/Biden/real/9X3wERiaoHI_14.01s_f000420_c0.wav,Biden,real
data3/frames_cropped/Biden/Rframes/0WGDsrRUsTc_34.03s_f001020_c0.jpg,data3/Biden/Rvids/0WGDsrRUsTc.webm,34.03,data3/audio_clips/Biden/real/0WGDsrRUsTc_34.03s_f001020_c0.wav,Biden,real
data3/frames_cropped/Biden/Rframes/m2ay8kViOyQ_26.02s_f000624_c0.jpg,data3/Biden/Rvids/m2ay8kViOyQ.webm,26.02,data3/audio_clips/Biden/real/m2ay8kViOyQ_26.02s_f000624_c0.wav,Biden,real
data3/frames_cropped/Biden/Rframes/-rnXhwCnaIc_34.00s_f000850_c0.jpg,data3/Biden/Rvids/-rnXhwCnaIc.webm,34.0,data3/audio_clips/Biden/real/-rnXhwCnaIc_34.00s_f000850_c0.wav,Biden,real
data3/frames_cropped/Biden/Rframes/9X3wERiaoHI_32.03s_f000960_c0.jpg,data3/Biden/Rvids/9X3wERiaoHI.mkv,32.03,data3/audio_clips/Biden/real/9X3wERiaoHI_32.03s_f000960_c0.wav,Biden,real
data3/frames_cropped/Biden/Rframes/DuX4K4eeTz8_10.01s_f000240_c0.jpg,data3/Biden/Rvids/DuX4K4eeTz8.mkv,10.01,data3/audio_clips/Biden/real/DuX4K4eeTz8_10.01s_f000240_c0.wav,Biden,real
data3/frames_cropped/Biden/Rframes/A0NOHae0O4E_26.03s_f000780_c0.jpg,data3/Biden/Rvids/A0NOHae0O4E.webm,26.03,data3/audio_clips/Biden/real/A0NOHae0O4E_26.03s_f000780_c0.wav,Biden,real
data3/frames_cropped/Biden/Rframes/DuX4K4eeTz8_6.01s_f000144_c0.jpg,data3/Biden/Rvids/DuX4K4eeTz8.mkv,6.01,data3/audio_clips/Biden/real/DuX4K4eeTz8_6.01s_f000144_c0.wav,Biden,real
data3/frames_cropped/Biden/Rframes/DuX4K4eeTz8_20.02s_f000480_c0.jpg,data3/Biden/Rvids/DuX4K4eeTz8.mkv,20.02,data3/audio_clips/Biden/real/DuX4K4eeTz8_20.02s_f000480_c0.wav,Biden,real
data3/frames_cropped/Biden/Rframes/YKq93dpbd10_30.03s_f000900_c0.jpg,data3/Biden/Rvids/YKq93dpbd10.mp4,30.03,data3/audio_clips/Biden/real/YKq93dpbd10_30.03s_f000900_c0.wav,Biden,real
data3/frames_cropped/Biden/Rframes/dBL4ujJ4dBo_28.03s_f000840_c0.jpg,data3/Biden/Rvids/dBL4ujJ4dBo.mkv,28.03,data3/audio_clips/Biden/real/dBL4ujJ4dBo_28.03s_f000840_c0.wav,Biden,real
data3/frames_cropped/Biden/Rframes/9X3wERiaoHI_16.02s_f000480_c0.jpg,data3/Biden/Rvids/9X3wERiaoHI.mkv,16.02,data3/audio_clips/Biden/real/9X3wERiaoHI_16.02s_f000480_c0.wav,Biden,real
data3/frames_cropped/Biden/Rframes/DuX4K4eeTz8_18.02s_f000432_c0.jpg,data3/Biden/Rvids/DuX4K4eeTz8.mkv,18.02,data3/audio_clips/Biden/real/DuX4K4eeTz8_18.02s_f000432_c0.wav,Biden,real
data3/frames_cropped/Biden/Rframes/m2ay8kViOyQ_16.01s_f000384_c0.jpg,data3/Biden/Rvids/m2ay8kViOyQ.webm,16.01,data3/audio_clips/Biden/real/m2ay8kViOyQ_16.01s_f000384_c0.wav,Biden,real
data3/frames_cropped/Biden/Rframes/0WGDsrRUsTc_30.03s_f000900_c0.jpg,data3/Biden/Rvids/0WGDsrRUsTc.webm,30.03,data3/audio_clips/Biden/real/0WGDsrRUsTc_30.03s_f000900_c0.wav,Biden,real
data3/frames_cropped/Biden/Rframes/dBL4ujJ4dBo_26.03s_f000780_c0.jpg,data3/Biden/Rvids/dBL4ujJ4dBo.mkv,26.03,data3/audio_clips/Biden/real/dBL4ujJ4dBo_26.03s_f000780_c0.wav,Biden,real
data3/frames_cropped/Biden/Rframes/A0NOHae0O4E_2.00s_f000060_c0.jpg,data3/Biden/Rvids/A0NOHae0O4E.webm,2.0,data3/audio_clips/Biden/real/A0NOHae0O4E_2.00s_f000060_c0.wav,Biden,real
data3/frames_cropped/Biden/Rframes/_59agcnLAj4_26.00s_f000650_c0.jpg,data3/Biden/Rvids/_59agcnLAj4.webm,26.0,data3/audio_clips/Biden/real/_59agcnLAj4_26.00s_f000650_c0.wav,Biden,real
data3/frames_cropped/Biden/Rframes/dBL4ujJ4dBo_14.01s_f000420_c0.jpg,data3/Biden/Rvids/dBL4ujJ4dBo.mkv,14.01,data3/audio_clips/Biden/real/dBL4ujJ4dBo_14.01s_f000420_c0.wav,Biden,real
data3/frames_cropped/Biden/Rframes/dBL4ujJ4dBo_24.02s_f000720_c0.jpg,data3/Biden/Rvids/dBL4ujJ4dBo.mkv,24.02,data3/audio_clips/Biden/real/dBL4ujJ4dBo_24.02s_f000720_c0.wav,Biden,real
data3/frames_cropped/Biden/Rframes/-rnXhwCnaIc_142.00s_f003550_c0.jpg,data3/Biden/Rvids/-rnXhwCnaIc.webm,142.0,data3/audio_clips/Biden/real/-rnXhwCnaIc_142.00s_f003550_c0.wav,Biden,real
data3/frames_cropped/Biden/Rframes/9X3wERiaoHI_20.02s_f000600_c0.jpg,data3/Biden/Rvids/9X3wERiaoHI.mkv,20.02,data3/audio_clips/Biden/real/9X3wERiaoHI_20.02s_f000600_c0.wav,Biden,real
data3/frames_cropped/Biden/Rframes/9X3wERiaoHI_12.01s_f000360_c0.jpg,data3/Biden/Rvids/9X3wERiaoHI.mkv,12.01,data3/audio_clips/Biden/real/9X3wERiaoHI_12.01s_f000360_c0.wav,Biden,real
data3/frames_cropped/Biden/Rframes/_59agcnLAj4_22.00s_f000550_c0.jpg,data3/Biden/Rvids/_59agcnLAj4.webm,22.0,data3/audio_clips/Biden/real/_59agcnLAj4_22.00s_f000550_c0.wav,Biden,real
data3/frames_cropped/Biden/Rframes/X0Q-aQ22HOk_22.02s_f000660_c0.jpg,data3/Biden/Rvids/X0Q-aQ22HOk.webm,22.02,data3/audio_clips/Biden/real/X0Q-aQ22HOk_22.02s_f000660_c0.wav,Biden,real
data3/frames_cropped/Biden/Rframes/DuX4K4eeTz8_22.02s_f000528_c0.jpg,data3/Biden/Rvids/DuX4K4eeTz8.mkv,22.02,data3/audio_clips/Biden/real/DuX4K4eeTz8_22.02s_f000528_c0.wav,Biden,real
data3/frames_cropped/Biden/Rframes/0WGDsrRUsTc_22.02s_f000660_c0.jpg,data3/Biden/Rvids/0WGDsrRUsTc.webm,22.02,data3/audio_clips/Biden/real/0WGDsrRUsTc_22.02s_f000660_c0.wav,Biden,real
data3/frames_cropped/Biden/Rframes/-rnXhwCnaIc_140.00s_f003500_c0.jpg,data3/Biden/Rvids/-rnXhwCnaIc.webm,140.0,data3/audio_clips/Biden/real/-rnXhwCnaIc_140.00s_f003500_c0.wav,Biden,real
data3/frames_cropped/Biden/Rframes/9X3wERiaoHI_18.02s_f000540_c0.jpg,data3/Biden/Rvids/9X3wERiaoHI.mkv,18.02,data3/audio_clips/Biden/real/9X3wERiaoHI_18.02s_f000540_c0.wav,Biden,real
data3/frames_cropped/Biden/Rframes/_59agcnLAj4_24.00s_f000600_c0.jpg,data3/Biden/Rvids/_59agcnLAj4.webm,24.0,data3/audio_clips/Biden/real/_59agcnLAj4_24.00s_f000600_c0.wav,Biden,real
data3/frames_cropped/Biden/Rframes/9X3wERiaoHI_28.03s_f000840_c0.jpg,data3/Biden/Rvids/9X3wERiaoHI.mkv,28.03,data3/audio_clips/Biden/real/9X3wERiaoHI_28.03s_f000840_c0.wav,Biden,real
data3/frames_cropped/Biden/Rframes/9X3wERiaoHI_36.04s_f001080_c0.jpg,data3/Biden/Rvids/9X3wERiaoHI.mkv,36.04,data3/audio_clips/Biden/real/9X3wERiaoHI_36.04s_f001080_c0.wav,Biden,real
data3/frames_cropped/Biden/Rframes/m2ay8kViOyQ_18.02s_f000432_c0.jpg,data3/Biden/Rvids/m2ay8kViOyQ.webm,18.02,data3/audio_clips/Biden/real/m2ay8kViOyQ_18.02s_f000432_c0.wav,Biden,real
data3/frames_cropped/Biden/Rframes/-rnXhwCnaIc_134.00s_f003350_c0.jpg,data3/Biden/Rvids/-rnXhwCnaIc.webm,134.0,data3/audio_clips/Biden/real/-rnXhwCnaIc_134.00s_f003350_c0.wav,Biden,real
data3/frames_cropped/Biden/Rframes/X0Q-aQ22HOk_6.01s_f000180_c0.jpg,data3/Biden/Rvids/X0Q-aQ22HOk.webm,6.01,data3/audio_clips/Biden/real/X0Q-aQ22HOk_6.01s_f000180_c0.wav,Biden,real
data3/frames_cropped/Biden/Rframes/YKq93dpbd10_22.02s_f000660_c0.jpg,data3/Biden/Rvids/YKq93dpbd10.mp4,22.02,data3/audio_clips/Biden/real/YKq93dpbd10_22.02s_f000660_c0.wav,Biden,real
data3/frames_cropped/Biden/Rframes/dBL4ujJ4dBo_16.02s_f000480_c0.jpg,data3/Biden/Rvids/dBL4ujJ4dBo.mkv,16.02,data3/audio_clips/Biden/real/dBL4ujJ4dBo_16.02s_f000480_c0.wav,Biden,real
data3/frames_cropped/Biden/Rframes/-rnXhwCnaIc_128.00s_f003200_c0.jpg,data3/Biden/Rvids/-rnXhwCnaIc.webm,128.0,data3/audio_clips/Biden/real/-rnXhwCnaIc_128.00s_f003200_c0.wav,Biden,real
data3/frames_cropped/Biden/Rframes/9X3wERiaoHI_26.03s_f000780_c0.jpg,data3/Biden/Rvids/9X3wERiaoHI.mkv,26.03,data3/audio_clips/Biden/real/9X3wERiaoHI_26.03s_f000780_c0.wav,Biden,real
data3/frames_cropped/Biden/Rframes/X0Q-aQ22HOk_26.02s_f000780_c0.jpg,data3/Biden/Rvids/X0Q-aQ22HOk.webm,26.02,data3/audio_clips/Biden/real/X0Q-aQ22HOk_26.02s_f000780_c0.wav,Biden,real
data3/frames_cropped/Biden/Rframes/A0NOHae0O4E_32.03s_f000960_c0.jpg,data3/Biden/Rvids/A0NOHae0O4E.webm,32.03,data3/audio_clips/Biden/real/A0NOHae0O4E_32.03s_f000960_c0.wav,Biden,real
data3/frames_cropped/Biden/Rframes/_59agcnLAj4_20.00s_f000500_c0.jpg,data3/Biden/Rvids/_59agcnLAj4.webm,20.0,data3/audio_clips/Biden/real/_59agcnLAj4_20.00s_f000500_c0.wav,Biden,real
data3/frames_cropped/Biden/Rframes/X0Q-aQ22HOk_18.02s_f000540_c0.jpg,data3/Biden/Rvids/X0Q-aQ22HOk.webm,18.02,data3/audio_clips/Biden/real/X0Q-aQ22HOk_18.02s_f000540_c0.wav,Biden,real
data3/frames_cropped/Biden/Rframes/dBL4ujJ4dBo_34.03s_f001020_c0.jpg,data3/Biden/Rvids/dBL4ujJ4dBo.mkv,34.03,data3/audio_clips/Biden/real/dBL4ujJ4dBo_34.03s_f001020_c0.wav,Biden,real
data3/frames_cropped/Biden/Rframes/A0NOHae0O4E_30.03s_f000900_c0.jpg,data3/Biden/Rvids/A0NOHae0O4E.webm,30.03,data3/audio_clips/Biden/real/A0NOHae0O4E_30.03s_f000900_c0.wav,Biden,real
data3/frames_cropped/Biden/Rframes/-rnXhwCnaIc_126.00s_f003150_c0.jpg,data3/Biden/Rvids/-rnXhwCnaIc.webm,126.0,data3/audio_clips/Biden/real/-rnXhwCnaIc_126.00s_f003150_c0.wav,Biden,real
data3/frames_cropped/Biden/Rframes/A0NOHae0O4E_6.01s_f000180_c0.jpg,data3/Biden/Rvids/A0NOHae0O4E.webm,6.01,data3/audio_clips/Biden/real/A0NOHae0O4E_6.01s_f000180_c0.wav,Biden,real
data3/frames_cropped/Biden/Rframes/X0Q-aQ22HOk_28.03s_f000840_c0.jpg,data3/Biden/Rvids/X0Q-aQ22HOk.webm,28.03,data3/audio_clips/Biden/real/X0Q-aQ22HOk_28.03s_f000840_c0.wav,Biden,real
data3/frames_cropped/Biden/Rframes/m2ay8kViOyQ_28.02s_f000672_c0.jpg,data3/Biden/Rvids/m2ay8kViOyQ.webm,28.02,data3/audio_clips/Biden/real/m2ay8kViOyQ_28.02s_f000672_c0.wav,Biden,real
data3/frames_cropped/Biden/Rframes/YKq93dpbd10_20.02s_f000600_c0.jpg,data3/Biden/Rvids/YKq93dpbd10.mp4,20.02,data3/audio_clips/Biden/real/YKq93dpbd10_20.02s_f000600_c0.wav,Biden,real
data3/frames_cropped/Biden/Rframes/m2ay8kViOyQ_12.01s_f000288_c0.jpg,data3/Biden/Rvids/m2ay8kViOyQ.webm,12.01,data3/audio_clips/Biden/real/m2ay8kViOyQ_12.01s_f000288_c0.wav,Biden,real
data3/frames_cropped/Biden/Rframes/0WGDsrRUsTc_20.02s_f000600_c0.jpg,data3/Biden/Rvids/0WGDsrRUsTc.webm,20.02,data3/audio_clips/Biden/real/0WGDsrRUsTc_20.02s_f000600_c0.wav,Biden,real
data3/frames_cropped/Biden/Rframes/DuX4K4eeTz8_8.01s_f000192_c0.jpg,data3/Biden/Rvids/DuX4K4eeTz8.mkv,8.01,data3/audio_clips/Biden/real/DuX4K4eeTz8_8.01s_f000192_c0.wav,Biden,real
data3/frames_cropped/Biden/Rframes/dBL4ujJ4dBo_30.03s_f000900_c0.jpg,data3/Biden/Rvids/dBL4ujJ4dBo.mkv,30.03,data3/audio_clips/Biden/real/dBL4ujJ4dBo_30.03s_f000900_c0.wav,Biden,real
data3/frames_cropped/Biden/Rframes/A0NOHae0O4E_34.03s_f001020_c0.jpg,data3/Biden/Rvids/A0NOHae0O4E.webm,34.03,data3/audio_clips/Biden/real/A0NOHae0O4E_34.03s_f001020_c0.wav,Biden,real
data3/frames_cropped/Biden/Rframes/m2ay8kViOyQ_14.01s_f000336_c0.jpg,data3/Biden/Rvids/m2ay8kViOyQ.webm,14.01,data3/audio_clips/Biden/real/m2ay8kViOyQ_14.01s_f000336_c0.wav,Biden,real
data3/frames_cropped/Biden/Rframes/YKq93dpbd10_18.02s_f000540_c0.jpg,data3/Biden/Rvids/YKq93dpbd10.mp4,18.02,data3/audio_clips/Biden/real/YKq93dpbd10_18.02s_f000540_c0.wav,Biden,real
data3/frames_cropped/Biden/Rframes/-rnXhwCnaIc_136.00s_f003400_c0.jpg,data3/Biden/Rvids/-rnXhwCnaIc.webm,136.0,data3/audio_clips/Biden/real/-rnXhwCnaIc_136.00s_f003400_c0.wav,Biden,real
data3/frames_cropped/Biden/Rframes/YKq93dpbd10_28.03s_f000840_c0.jpg,data3/Biden/Rvids/YKq93dpbd10.mp4,28.03,data3/audio_clips/Biden/real/YKq93dpbd10_28.03s_f000840_c0.wav,Biden,real
data3/frames_cropped/Biden/Rframes/X0Q-aQ22HOk_20.02s_f000600_c0.jpg,data3/Biden/Rvids/X0Q-aQ22HOk.webm,20.02,data3/audio_clips/Biden/real/X0Q-aQ22HOk_20.02s_f000600_c0.wav,Biden,real
data3/frames_cropped/Biden/Rframes/0WGDsrRUsTc_26.03s_f000780_c0.jpg,data3/Biden/Rvids/0WGDsrRUsTc.webm,26.03,data3/audio_clips/Biden/real/0WGDsrRUsTc_26.03s_f000780_c0.wav,Biden,real
data3/frames_cropped/Biden/Rframes/9X3wERiaoHI_10.01s_f000300_c0.jpg,data3/Biden/Rvids/9X3wERiaoHI.mkv,10.01,data3/audio_clips/Biden/real/9X3wERiaoHI_10.01s_f000300_c0.wav,Biden,real
data3/frames_cropped/Biden/Rframes/-rnXhwCnaIc_124.00s_f003100_c0.jpg,data3/Biden/Rvids/-rnXhwCnaIc.webm,124.0,data3/audio_clips/Biden/real/-rnXhwCnaIc_124.00s_f003100_c0.wav,Biden,real
data3/frames_cropped/Biden/Rframes/-rnXhwCnaIc_10.00s_f000250_c0.jpg,data3/Biden/Rvids/-rnXhwCnaIc.webm,10.0,data3/audio_clips/Biden/real/-rnXhwCnaIc_10.00s_f000250_c0.wav,Biden,real
data3/frames_cropped/Biden/Rframes/9X3wERiaoHI_22.02s_f000660_c0.jpg,data3/Biden/Rvids/9X3wERiaoHI.mkv,22.02,data3/audio_clips/Biden/real/9X3wERiaoHI_22.02s_f000660_c0.wav,Biden,real
data3/frames_cropped/Biden/Rframes/0WGDsrRUsTc_18.02s_f000540_c0.jpg,data3/Biden/Rvids/0WGDsrRUsTc.webm,18.02,data3/audio_clips/Biden/real/0WGDsrRUsTc_18.02s_f000540_c0.wav,Biden,real
data3/frames_cropped/Biden/Rframes/YKq93dpbd10_26.03s_f000780_c0.jpg,data3/Biden/Rvids/YKq93dpbd10.mp4,26.03,data3/audio_clips/Biden/real/YKq93dpbd10_26.03s_f000780_c0.wav,Biden,real
data3/frames_cropped/Biden/Rframes/X0Q-aQ22HOk_2.00s_f000060_c0.jpg,data3/Biden/Rvids/X0Q-aQ22HOk.webm,2.0,data3/audio_clips/Biden/real/X0Q-aQ22HOk_2.00s_f000060_c0.wav,Biden,real
data3/frames_cropped/Biden/Rframes/m2ay8kViOyQ_24.02s_f000576_c0.jpg,data3/Biden/Rvids/m2ay8kViOyQ.webm,24.02,data3/audio_clips/Biden/real/m2ay8kViOyQ_24.02s_f000576_c0.wav,Biden,real
data3/frames_cropped/Biden/Rframes/0WGDsrRUsTc_28.03s_f000840_c0.jpg,data3/Biden/Rvids/0WGDsrRUsTc.webm,28.03,data3/audio_clips/Biden/real/0WGDsrRUsTc_28.03s_f000840_c0.wav,Biden,real
data3/frames_cropped/Biden/Rframes/_59agcnLAj4_30.00s_f000750_c0.jpg,data3/Biden/Rvids/_59agcnLAj4.webm,30.0,data3/audio_clips/Biden/real/_59agcnLAj4_30.00s_f000750_c0.wav,Biden,real
data3/frames_cropped/Biden/Rframes/A0NOHae0O4E_0.00s_f000000_c0.jpg,data3/Biden/Rvids/A0NOHae0O4E.webm,0.0,data3/audio_clips/Biden/real/A0NOHae0O4E_0.00s_f000000_c0.wav,Biden,real
data3/frames_cropped/Biden/Fframes/0yJysodFCyY_68.07s_f001632_c0.jpg,data3/Biden/Fvids/0yJysodFCyY.mkv,68.07,data3/audio_clips/Biden/fake/0yJysodFCyY_68.07s_f001632_c0.wav,Biden,fake
data3/frames_cropped/Biden/Fframes/0yJysodFCyY_70.07s_f001680_c0.jpg,data3/Biden/Fvids/0yJysodFCyY.mkv,70.07,data3/audio_clips/Biden/fake/0yJysodFCyY_70.07s_f001680_c0.wav,Biden,fake
data3/frames_cropped/Biden/Fframes/6M1aIetjZOU_26.00s_f000780_c0.jpg,data3/Biden/Fvids/6M1aIetjZOU.webm,26.0,data3/audio_clips/Biden/fake/6M1aIetjZOU_26.00s_f000780_c0.wav,Biden,fake
data3/frames_cropped/Biden/Fframes/yVEhrIMc-ps_24.02s_f000720_c0.jpg,data3/Biden/Fvids/yVEhrIMc-ps.webm,24.02,data3/audio_clips/Biden/fake/yVEhrIMc-ps_24.02s_f000720_c0.wav,Biden,fake
data3/frames_cropped/Biden/Fframes/yVEhrIMc-ps_14.01s_f000420_c0.jpg,data3/Biden/Fvids/yVEhrIMc-ps.webm,14.01,data3/audio_clips/Biden/fake/yVEhrIMc-ps_14.01s_f000420_c0.wav,Biden,fake
data3/frames_cropped/Biden/Fframes/yVEhrIMc-ps_8.01s_f000240_c0.jpg,data3/Biden/Fvids/yVEhrIMc-ps.webm,8.01,data3/audio_clips/Biden/fake/yVEhrIMc-ps_8.01s_f000240_c0.wav,Biden,fake
data3/frames_cropped/Biden/Fframes/uzLncXuSIRQ_52.05s_f001560_c0.jpg,data3/Biden/Fvids/uzLncXuSIRQ.mkv,52.05,data3/audio_clips/Biden/fake/uzLncXuSIRQ_52.05s_f001560_c0.wav,Biden,fake
data3/frames_cropped/Biden/Fframes/4MXZR2A5-GI_18.00s_f000450_c0.jpg,data3/Biden/Fvids/4MXZR2A5-GI.webm,18.0,data3/audio_clips/Biden/fake/4MXZR2A5-GI_18.00s_f000450_c0.wav,Biden,fake
data3/frames_cropped/Biden/Fframes/uzLncXuSIRQ_6.01s_f000180_c0.jpg,data3/Biden/Fvids/uzLncXuSIRQ.mkv,6.01,data3/audio_clips/Biden/fake/uzLncXuSIRQ_6.01s_f000180_c0.wav,Biden,fake
data3/frames_cropped/Biden/Fframes/6M1aIetjZOU_28.00s_f000840_c0.jpg,data3/Biden/Fvids/6M1aIetjZOU.webm,28.0,data3/audio_clips/Biden/fake/6M1aIetjZOU_28.00s_f000840_c0.wav,Biden,fake
data3/frames_cropped/Biden/Fframes/4MXZR2A5-GI_12.00s_f000300_c0.jpg,data3/Biden/Fvids/4MXZR2A5-GI.webm,12.0,data3/audio_clips/Biden/fake/4MXZR2A5-GI_12.00s_f000300_c0.wav,Biden,fake
data3/frames_cropped/Biden/Fframes/uzLncXuSIRQ_54.05s_f001620_c0.jpg,data3/Biden/Fvids/uzLncXuSIRQ.mkv,54.05,data3/audio_clips/Biden/fake/uzLncXuSIRQ_54.05s_f001620_c0.wav,Biden,fake
data3/frames_cropped/Biden/Fframes/uzLncXuSIRQ_34.03s_f001020_c0.jpg,data3/Biden/Fvids/uzLncXuSIRQ.mkv,34.03,data3/audio_clips/Biden/fake/uzLncXuSIRQ_34.03s_f001020_c0.wav,Biden,fake
data3/frames_cropped/Biden/Fframes/uzLncXuSIRQ_42.04s_f001260_c0.jpg,data3/Biden/Fvids/uzLncXuSIRQ.mkv,42.04,data3/audio_clips/Biden/fake/uzLncXuSIRQ_42.04s_f001260_c0.wav,Biden,fake
data3/frames_cropped/Biden/Fframes/yVEhrIMc-ps_2.00s_f000060_c0.jpg,data3/Biden/Fvids/yVEhrIMc-ps.webm,2.0,data3/audio_clips/Biden/fake/yVEhrIMc-ps_2.00s_f000060_c0.wav,Biden,fake
data3/frames_cropped/Biden/Fframes/0TjTXD7Opxk_18.00s_f000540_c0.jpg,data3/Biden/Fvids/0TjTXD7Opxk.webm,18.0,data3/audio_clips/Biden/fake/0TjTXD7Opxk_18.00s_f000540_c0.wav,Biden,fake
data3/frames_cropped/Biden/Fframes/uzLncXuSIRQ_56.06s_f001680_c0.jpg,data3/Biden/Fvids/uzLncXuSIRQ.mkv,56.06,data3/audio_clips/Biden/fake/uzLncXuSIRQ_56.06s_f001680_c0.wav,Biden,fake
data3/frames_cropped/Biden/Fframes/uzLncXuSIRQ_0.00s_f000000_c0.jpg,data3/Biden/Fvids/uzLncXuSIRQ.mkv,0.0,data3/audio_clips/Biden/fake/uzLncXuSIRQ_0.00s_f000000_c0.wav,Biden,fake
data3/frames_cropped/Biden/Fframes/6M1aIetjZOU_36.00s_f001080_c0.jpg,data3/Biden/Fvids/6M1aIetjZOU.webm,36.0,data3/audio_clips/Biden/fake/6M1aIetjZOU_36.00s_f001080_c0.wav,Biden,fake
data3/frames_cropped/Biden/Fframes/yVEhrIMc-ps_16.02s_f000480_c0.jpg,data3/Biden/Fvids/yVEhrIMc-ps.webm,16.02,data3/audio_clips/Biden/fake/yVEhrIMc-ps_16.02s_f000480_c0.wav,Biden,fake
data3/frames_cropped/Biden/Fframes/0yJysodFCyY_60.06s_f001440_c0.jpg,data3/Biden/Fvids/0yJysodFCyY.mkv,60.06,data3/audio_clips/Biden/fake/0yJysodFCyY_60.06s_f001440_c0.wav,Biden,fake
data3/frames_cropped/Biden/Fframes/6M1aIetjZOU_44.00s_f001320_c0.jpg,data3/Biden/Fvids/6M1aIetjZOU.webm,44.0,data3/audio_clips/Biden/fake/6M1aIetjZOU_44.00s_f001320_c0.wav,Biden,fake
data3/frames_cropped/Biden/Fframes/4MXZR2A5-GI_10.00s_f000250_c0.jpg,data3/Biden/Fvids/4MXZR2A5-GI.webm,10.0,data3/audio_clips/Biden/fake/4MXZR2A5-GI_10.00s_f000250_c0.wav,Biden,fake
data3/frames_cropped/Biden/Fframes/uzLncXuSIRQ_30.03s_f000900_c0.jpg,data3/Biden/Fvids/uzLncXuSIRQ.mkv,30.03,data3/audio_clips/Biden/fake/uzLncXuSIRQ_30.03s_f000900_c0.wav,Biden,fake
data3/frames_cropped/Biden/Fframes/vfhBnrrjPVo_12.00s_f000288_c0.jpg,data3/Biden/Fvids/vfhBnrrjPVo.mp4,12.0,data3/audio_clips/Biden/fake/vfhBnrrjPVo_12.00s_f000288_c0.wav,Biden,fake
data3/frames_cropped/Biden/Fframes/uzLncXuSIRQ_32.03s_f000960_c0.jpg,data3/Biden/Fvids/uzLncXuSIRQ.mkv,32.03,data3/audio_clips/Biden/fake/uzLncXuSIRQ_32.03s_f000960_c0.wav,Biden,fake
data3/frames_cropped/Biden/Fframes/6M1aIetjZOU_0.00s_f000000_c0.jpg,data3/Biden/Fvids/6M1aIetjZOU.webm,0.0,data3/audio_clips/Biden/fake/6M1aIetjZOU_0.00s_f000000_c0.wav,Biden,fake
data3/frames_cropped/Biden/Fframes/0yJysodFCyY_42.04s_f001008_c0.jpg,data3/Biden/Fvids/0yJysodFCyY.mkv,42.04,data3/audio_clips/Biden/fake/0yJysodFCyY_42.04s_f001008_c0.wav,Biden,fake
data3/frames_cropped/Biden/Fframes/0TjTXD7Opxk_4.00s_f000120_c0.jpg,data3/Biden/Fvids/0TjTXD7Opxk.webm,4.0,data3/audio_clips/Biden/fake/0TjTXD7Opxk_4.00s_f000120_c0.wav,Biden,fake
data3/frames_cropped/Biden/Fframes/4MXZR2A5-GI_2.00s_f000050_c0.jpg,data3/Biden/Fvids/4MXZR2A5-GI.webm,2.0,data3/audio_clips/Biden/fake/4MXZR2A5-GI_2.00s_f000050_c0.wav,Biden,fake
data3/frames_cropped/Biden/Fframes/uzLncXuSIRQ_46.05s_f001380_c0.jpg,data3/Biden/Fvids/uzLncXuSIRQ.mkv,46.05,data3/audio_clips/Biden/fake/uzLncXuSIRQ_46.05s_f001380_c0.wav,Biden,fake
data3/frames_cropped/Biden/Fframes/uzLncXuSIRQ_14.01s_f000420_c0.jpg,data3/Biden/Fvids/uzLncXuSIRQ.mkv,14.01,data3/audio_clips/Biden/fake/uzLncXuSIRQ_14.01s_f000420_c0.wav,Biden,fake
data3/frames_cropped/Biden/Fframes/uzLncXuSIRQ_24.02s_f000720_c0.jpg,data3/Biden/Fvids/uzLncXuSIRQ.mkv,24.02,data3/audio_clips/Biden/fake/uzLncXuSIRQ_24.02s_f000720_c0.wav,Biden,fake
data3/frames_cropped/Biden/Fframes/6M1aIetjZOU_20.00s_f000600_c0.jpg,data3/Biden/Fvids/6M1aIetjZOU.webm,20.0,data3/audio_clips/Biden/fake/6M1aIetjZOU_20.00s_f000600_c0.wav,Biden,fake
data3/frames_cropped/Biden/Fframes/0yJysodFCyY_56.06s_f001344_c0.jpg,data3/Biden/Fvids/0yJysodFCyY.mkv,56.06,data3/audio_clips/Biden/fake/0yJysodFCyY_56.06s_f001344_c0.wav,Biden,fake
data3/frames_cropped/Biden/Fframes/0TjTXD7Opxk_26.00s_f000780_c0.jpg,data3/Biden/Fvids/0TjTXD7Opxk.webm,26.0,data3/audio_clips/Biden/fake/0TjTXD7Opxk_26.00s_f000780_c0.wav,Biden,fake
data3/frames_cropped/Biden/Fframes/0yJysodFCyY_52.05s_f001248_c0.jpg,data3/Biden/Fvids/0yJysodFCyY.mkv,52.05,data3/audio_clips/Biden/fake/0yJysodFCyY_52.05s_f001248_c0.wav,Biden,fake
data3/frames_cropped/Biden/Fframes/yVEhrIMc-ps_0.00s_f000000_c0.jpg,data3/Biden/Fvids/yVEhrIMc-ps.webm,0.0,data3/audio_clips/Biden/fake/yVEhrIMc-ps_0.00s_f000000_c0.wav,Biden,fake
data3/frames_cropped/Biden/Fframes/uzLncXuSIRQ_2.00s_f000060_c0.jpg,data3/Biden/Fvids/uzLncXuSIRQ.mkv,2.0,data3/audio_clips/Biden/fake/uzLncXuSIRQ_2.00s_f000060_c0.wav,Biden,fake
data3/frames_cropped/Biden/Fframes/vfhBnrrjPVo_6.00s_f000144_c0.jpg,data3/Biden/Fvids/vfhBnrrjPVo.mp4,6.0,data3/audio_clips/Biden/fake/vfhBnrrjPVo_6.00s_f000144_c0.wav,Biden,fake
data3/frames_cropped/Biden/Fframes/uzLncXuSIRQ_40.04s_f001200_c0.jpg,data3/Biden/Fvids/uzLncXuSIRQ.mkv,40.04,data3/audio_clips/Biden/fake/uzLncXuSIRQ_40.04s_f001200_c0.wav,Biden,fake
data3/frames_cropped/Biden/Fframes/uzLncXuSIRQ_38.04s_f001140_c0.jpg,data3/Biden/Fvids/uzLncXuSIRQ.mkv,38.04,data3/audio_clips/Biden/fake/uzLncXuSIRQ_38.04s_f001140_c0.wav,Biden,fake
data3/frames_cropped/Biden/Fframes/0yJysodFCyY_62.06s_f001488_c0.jpg,data3/Biden/Fvids/0yJysodFCyY.mkv,62.06,data3/audio_clips/Biden/fake/0yJysodFCyY_62.06s_f001488_c0.wav,Biden,fake
data3/frames_cropped/Biden/Fframes/0TjTXD7Opxk_14.00s_f000420_c0.jpg,data3/Biden/Fvids/0TjTXD7Opxk.webm,14.0,data3/audio_clips/Biden/fake/0TjTXD7Opxk_14.00s_f000420_c0.wav,Biden,fake
data3/frames_cropped/Biden/Fframes/yVEhrIMc-ps_6.01s_f000180_c0.jpg,data3/Biden/Fvids/yVEhrIMc-ps.webm,6.01,data3/audio_clips/Biden/fake/yVEhrIMc-ps_6.01s_f000180_c0.wav,Biden,fake
data3/frames_cropped/Biden/Fframes/uzLncXuSIRQ_16.02s_f000480_c0.jpg,data3/Biden/Fvids/uzLncXuSIRQ.mkv,16.02,data3/audio_clips/Biden/fake/uzLncXuSIRQ_16.02s_f000480_c0.wav,Biden,fake
data3/frames_cropped/Biden/Fframes/0yJysodFCyY_38.04s_f000912_c0.jpg,data3/Biden/Fvids/0yJysodFCyY.mkv,38.04,data3/audio_clips/Biden/fake/0yJysodFCyY_38.04s_f000912_c0.wav,Biden,fake
data3/frames_cropped/Biden/Fframes/uzLncXuSIRQ_50.05s_f001500_c0.jpg,data3/Biden/Fvids/uzLncXuSIRQ.mkv,50.05,data3/audio_clips/Biden/fake/uzLncXuSIRQ_50.05s_f001500_c0.wav,Biden,fake
data3/frames_cropped/Biden/Fframes/uzLncXuSIRQ_8.01s_f000240_c0.jpg,data3/Biden/Fvids/uzLncXuSIRQ.mkv,8.01,data3/audio_clips/Biden/fake/uzLncXuSIRQ_8.01s_f000240_c0.wav,Biden,fake
data3/frames_cropped/Biden/Fframes/vfhBnrrjPVo_14.00s_f000336_c0.jpg,data3/Biden/Fvids/vfhBnrrjPVo.mp4,14.0,data3/audio_clips/Biden/fake/vfhBnrrjPVo_14.00s_f000336_c0.wav,Biden,fake
data3/frames_cropped/Biden/Fframes/6M1aIetjZOU_8.00s_f000240_c0.jpg,data3/Biden/Fvids/6M1aIetjZOU.webm,8.0,data3/audio_clips/Biden/fake/6M1aIetjZOU_8.00s_f000240_c0.wav,Biden,fake
data3/frames_cropped/Biden/Fframes/4MXZR2A5-GI_0.00s_f000000_c0.jpg,data3/Biden/Fvids/4MXZR2A5-GI.webm,0.0,data3/audio_clips/Biden/fake/4MXZR2A5-GI_0.00s_f000000_c0.wav,Biden,fake
data3/frames_cropped/Biden/Fframes/vfhBnrrjPVo_20.00s_f000480_c0.jpg,data3/Biden/Fvids/vfhBnrrjPVo.mp4,20.0,data3/audio_clips/Biden/fake/vfhBnrrjPVo_20.00s_f000480_c0.wav,Biden,fake
data3/frames_cropped/Biden/Fframes/6M1aIetjZOU_42.00s_f001260_c0.jpg,data3/Biden/Fvids/6M1aIetjZOU.webm,42.0,data3/audio_clips/Biden/fake/6M1aIetjZOU_42.00s_f001260_c0.wav,Biden,fake
data3/frames_cropped/Biden/Fframes/4MXZR2A5-GI_8.00s_f000200_c0.jpg,data3/Biden/Fvids/4MXZR2A5-GI.webm,8.0,data3/audio_clips/Biden/fake/4MXZR2A5-GI_8.00s_f000200_c0.wav,Biden,fake
data3/frames_cropped/Biden/Fframes/uzLncXuSIRQ_12.01s_f000360_c0.jpg,data3/Biden/Fvids/uzLncXuSIRQ.mkv,12.01,data3/audio_clips/Biden/fake/uzLncXuSIRQ_12.01s_f000360_c0.wav,Biden,fake
data3/frames_cropped/Biden/Fframes/0yJysodFCyY_36.04s_f000864_c0.jpg,data3/Biden/Fvids/0yJysodFCyY.mkv,36.04,data3/audio_clips/Biden/fake/0yJysodFCyY_36.04s_f000864_c0.wav,Biden,fake
data3/frames_cropped/Biden/Fframes/uzLncXuSIRQ_20.02s_f000600_c0.jpg,data3/Biden/Fvids/uzLncXuSIRQ.mkv,20.02,data3/audio_clips/Biden/fake/uzLncXuSIRQ_20.02s_f000600_c0.wav,Biden,fake
data3/frames_cropped/Biden/Fframes/6M1aIetjZOU_30.00s_f000900_c0.jpg,data3/Biden/Fvids/6M1aIetjZOU.webm,30.0,data3/audio_clips/Biden/fake/6M1aIetjZOU_30.00s_f000900_c0.wav,Biden,fake
data3/frames_cropped/Biden/Fframes/4MXZR2A5-GI_14.00s_f000350_c0.jpg,data3/Biden/Fvids/4MXZR2A5-GI.webm,14.0,data3/audio_clips/Biden/fake/4MXZR2A5-GI_14.00s_f000350_c0.wav,Biden,fake
data3/frames_cropped/Biden/Fframes/0yJysodFCyY_100.10s_f002400_c0.jpg,data3/Biden/Fvids/0yJysodFCyY.mkv,100.1,data3/audio_clips/Biden/fake/0yJysodFCyY_100.10s_f002400_c0.wav,Biden,fake
data3/frames_cropped/Biden/Fframes/yVEhrIMc-ps_4.00s_f000120_c0.jpg,data3/Biden/Fvids/yVEhrIMc-ps.webm,4.0,data3/audio_clips/Biden/fake/yVEhrIMc-ps_4.00s_f000120_c0.wav,Biden,fake
data3/frames_cropped/Biden/Fframes/uzLncXuSIRQ_44.04s_f001320_c0.jpg,data3/Biden/Fvids/uzLncXuSIRQ.mkv,44.04,data3/audio_clips/Biden/fake/uzLncXuSIRQ_44.04s_f001320_c0.wav,Biden,fake
data3/frames_cropped/Biden/Fframes/0yJysodFCyY_66.07s_f001584_c0.jpg,data3/Biden/Fvids/0yJysodFCyY.mkv,66.07,data3/audio_clips/Biden/fake/0yJysodFCyY_66.07s_f001584_c0.wav,Biden,fake
data3/frames_cropped/Biden/Fframes/uzLncXuSIRQ_26.03s_f000780_c0.jpg,data3/Biden/Fvids/uzLncXuSIRQ.mkv,26.03,data3/audio_clips/Biden/fake/uzLncXuSIRQ_26.03s_f000780_c0.wav,Biden,fake
data3/frames_cropped/Biden/Fframes/6M1aIetjZOU_16.00s_f000480_c0.jpg,data3/Biden/Fvids/6M1aIetjZOU.webm,16.0,data3/audio_clips/Biden/fake/6M1aIetjZOU_16.00s_f000480_c0.wav,Biden,fake
data3/frames_cropped/Biden/Fframes/uzLncXuSIRQ_60.06s_f001800_c0.jpg,data3/Biden/Fvids/uzLncXuSIRQ.mkv,60.06,data3/audio_clips/Biden/fake/uzLncXuSIRQ_60.06s_f001800_c0.wav,Biden,fake
data3/frames_cropped/Biden/Fframes/yVEhrIMc-ps_10.01s_f000300_c0.jpg,data3/Biden/Fvids/yVEhrIMc-ps.webm,10.01,data3/audio_clips/Biden/fake/yVEhrIMc-ps_10.01s_f000300_c0.wav,Biden,fake
data3/frames_cropped/Biden/Fframes/uzLncXuSIRQ_36.04s_f001080_c0.jpg,data3/Biden/Fvids/uzLncXuSIRQ.mkv,36.04,data3/audio_clips/Biden/fake/uzLncXuSIRQ_36.04s_f001080_c0.wav,Biden,fake
data3/frames_cropped/Biden/Fframes/yVEhrIMc-ps_22.02s_f000660_c0.jpg,data3/Biden/Fvids/yVEhrIMc-ps.webm,22.02,data3/audio_clips/Biden/fake/yVEhrIMc-ps_22.02s_f000660_c0.wav,Biden,fake
data3/frames_cropped/Biden/Fframes/uzLncXuSIRQ_28.03s_f000840_c0.jpg,data3/Biden/Fvids/uzLncXuSIRQ.mkv,28.03,data3/audio_clips/Biden/fake/uzLncXuSIRQ_28.03s_f000840_c0.wav,Biden,fake
data3/frames_cropped/Biden/Fframes/6M1aIetjZOU_34.00s_f001020_c0.jpg,data3/Biden/Fvids/6M1aIetjZOU.webm,34.0,data3/audio_clips/Biden/fake/6M1aIetjZOU_34.00s_f001020_c0.wav,Biden,fake
data3/frames_cropped/Biden/Fframes/4MXZR2A5-GI_20.00s_f000500_c0.jpg,data3/Biden/Fvids/4MXZR2A5-GI.webm,20.0,data3/audio_clips/Biden/fake/4MXZR2A5-GI_20.00s_f000500_c0.wav,Biden,fake
data3/frames_cropped/Biden/Fframes/0yJysodFCyY_40.04s_f000960_c0.jpg,data3/Biden/Fvids/0yJysodFCyY.mkv,40.04,data3/audio_clips/Biden/fake/0yJysodFCyY_40.04s_f000960_c0.wav,Biden,fake
data3/frames_cropped/Biden/Fframes/uzLncXuSIRQ_18.02s_f000540_c0.jpg,data3/Biden/Fvids/uzLncXuSIRQ.mkv,18.02,data3/audio_clips/Biden/fake/uzLncXuSIRQ_18.02s_f000540_c0.wav,Biden,fake
data3/frames_cropped/Biden/Fframes/0yJysodFCyY_54.05s_f001296_c0.jpg,data3/Biden/Fvids/0yJysodFCyY.mkv,54.05,data3/audio_clips/Biden/fake/0yJysodFCyY_54.05s_f001296_c0.wav,Biden,fake
data3/frames_cropped/Biden/Fframes/vfhBnrrjPVo_2.00s_f000048_c0.jpg,data3/Biden/Fvids/vfhBnrrjPVo.mp4,2.0,data3/audio_clips/Biden/fake/vfhBnrrjPVo_2.00s_f000048_c0.wav,Biden,fake
data3/frames_cropped/Biden/Fframes/yVEhrIMc-ps_20.02s_f000600_c0.jpg,data3/Biden/Fvids/yVEhrIMc-ps.webm,20.02,data3/audio_clips/Biden/fake/yVEhrIMc-ps_20.02s_f000600_c0.wav,Biden,fake
data3/frames_cropped/Biden/Fframes/yVEhrIMc-ps_12.01s_f000360_c0.jpg,data3/Biden/Fvids/yVEhrIMc-ps.webm,12.01,data3/audio_clips/Biden/fake/yVEhrIMc-ps_12.01s_f000360_c0.wav,Biden,fake
data3/frames_cropped/Biden/Fframes/4MXZR2A5-GI_16.00s_f000400_c0.jpg,data3/Biden/Fvids/4MXZR2A5-GI.webm,16.0,data3/audio_clips/Biden/fake/4MXZR2A5-GI_16.00s_f000400_c0.wav,Biden,fake
data3/frames_cropped/Biden/Fframes/4MXZR2A5-GI_4.00s_f000100_c0.jpg,data3/Biden/Fvids/4MXZR2A5-GI.webm,4.0,data3/audio_clips/Biden/fake/4MXZR2A5-GI_4.00s_f000100_c0.wav,Biden,fake
data3/frames_cropped/Biden/Fframes/0TjTXD7Opxk_6.00s_f000180_c0.jpg,data3/Biden/Fvids/0TjTXD7Opxk.webm,6.0,data3/audio_clips/Biden/fake/0TjTXD7Opxk_6.00s_f000180_c0.wav,Biden,fake
data3/frames_cropped/Biden/Fframes/vfhBnrrjPVo_16.00s_f000384_c0.jpg,data3/Biden/Fvids/vfhBnrrjPVo.mp4,16.0,data3/audio_clips/Biden/fake/vfhBnrrjPVo_16.00s_f000384_c0.wav,Biden,fake
data3/frames_cropped/Biden/Fframes/uzLncXuSIRQ_4.00s_f000120_c0.jpg,data3/Biden/Fvids/uzLncXuSIRQ.mkv,4.0,data3/audio_clips/Biden/fake/uzLncXuSIRQ_4.00s_f000120_c0.wav,Biden,fake
data3/frames_cropped/Biden/Fframes/uzLncXuSIRQ_48.05s_f001440_c0.jpg,data3/Biden/Fvids/uzLncXuSIRQ.mkv,48.05,data3/audio_clips/Biden/fake/uzLncXuSIRQ_48.05s_f001440_c0.wav,Biden,fake
data3/frames_cropped/Biden/Fframes/4etqiIEvjgE_52.05s_f001248_c1.jpg,data3/Biden/Fvids/4etqiIEvjgE.webm,52.05,data3/audio_clips/Biden/fake/4etqiIEvjgE_52.05s_f001248_c1.wav,Biden,fake
data3/frames_cropped/Biden/Fframes/yVEhrIMc-ps_18.02s_f000540_c0.jpg,data3/Biden/Fvids/yVEhrIMc-ps.webm,18.02,data3/audio_clips/Biden/fake/yVEhrIMc-ps_18.02s_f000540_c0.wav,Biden,fake
data3/frames_cropped/Biden/Fframes/6M1aIetjZOU_32.00s_f000960_c0.jpg,data3/Biden/Fvids/6M1aIetjZOU.webm,32.0,data3/audio_clips/Biden/fake/6M1aIetjZOU_32.00s_f000960_c0.wav,Biden,fake
data3/frames_cropped/Biden/Fframes/0yJysodFCyY_102.10s_f002448_c0.jpg,data3/Biden/Fvids/0yJysodFCyY.mkv,102.1,data3/audio_clips/Biden/fake/0yJysodFCyY_102.10s_f002448_c0.wav,Biden,fake
data3/frames_cropped/Biden/Fframes/uzLncXuSIRQ_22.02s_f000660_c0.jpg,data3/Biden/Fvids/uzLncXuSIRQ.mkv,22.02,data3/audio_clips/Biden/fake/uzLncXuSIRQ_22.02s_f000660_c0.wav,Biden,fake
data3/frames_cropped/Biden/Fframes/yVEhrIMc-ps_28.03s_f000840_c0.jpg,data3/Biden/Fvids/yVEhrIMc-ps.webm,28.03,data3/audio_clips/Biden/fake/yVEhrIMc-ps_28.03s_f000840_c0.wav,Biden,fake
data3/frames_cropped/Biden/Fframes/0yJysodFCyY_58.06s_f001392_c0.jpg,data3/Biden/Fvids/0yJysodFCyY.mkv,58.06,data3/audio_clips/Biden/fake/0yJysodFCyY_58.06s_f001392_c0.wav,Biden,fake
data3/frames_cropped/Biden/Fframes/uzLncXuSIRQ_58.06s_f001740_c0.jpg,data3/Biden/Fvids/uzLncXuSIRQ.mkv,58.06,data3/audio_clips/Biden/fake/uzLncXuSIRQ_58.06s_f001740_c0.wav,Biden,fake
data3/frames_cropped/Biden/Fframes/0TjTXD7Opxk_16.00s_f000480_c0.jpg,data3/Biden/Fvids/0TjTXD7Opxk.webm,16.0,data3/audio_clips/Biden/fake/0TjTXD7Opxk_16.00s_f000480_c0.wav,Biden,fake
data3/frames_cropped/Biden/Fframes/4MXZR2A5-GI_6.00s_f000150_c0.jpg,data3/Biden/Fvids/4MXZR2A5-GI.webm,6.0,data3/audio_clips/Biden/fake/4MXZR2A5-GI_6.00s_f000150_c0.wav,Biden,fake
data3/frames_cropped/Biden/Fframes/uzLncXuSIRQ_10.01s_f000300_c0.jpg,data3/Biden/Fvids/uzLncXuSIRQ.mkv,10.01,data3/audio_clips/Biden/fake/uzLncXuSIRQ_10.01s_f000300_c0.wav,Biden,fake
data3/frames_cropped/Biden/Fframes/yVEhrIMc-ps_26.03s_f000780_c0.jpg,data3/Biden/Fvids/yVEhrIMc-ps.webm,26.03,data3/audio_clips/Biden/fake/yVEhrIMc-ps_26.03s_f000780_c0.wav,Biden,fake
data3/frames_cropped/Biden/Fframes/6M1aIetjZOU_40.00s_f001200_c0.jpg,data3/Biden/Fvids/6M1aIetjZOU.webm,40.0,data3/audio_clips/Biden/fake/6M1aIetjZOU_40.00s_f001200_c0.wav,Biden,fake
data3/frames_cropped/Trump/Rframes/RvPVpzmhMEM_6.01s_f000180_c5.jpg,data3/Trump/Rvids/RvPVpzmhMEM.webm,6.01,data3/audio_clips/Trump/real/RvPVpzmhMEM_6.01s_f000180_c5.wav,Trump,real
data3/frames_cropped/Trump/Rframes/aowTnlSylRE_46.05s_f001380_c0.jpg,data3/Trump/Rvids/aowTnlSylRE.webm,46.05,data3/audio_clips/Trump/real/aowTnlSylRE_46.05s_f001380_c0.wav,Trump,real
data3/frames_cropped/Trump/Rframes/6VCHzGITvt0_14.00s_f000350_c2.jpg,data3/Trump/Rvids/6VCHzGITvt0.webm,14.0,data3/audio_clips/Trump/real/6VCHzGITvt0_14.00s_f000350_c2.wav,Trump,real
data3/frames_cropped/Trump/Rframes/zMNAos1hotI_620.53s_f014880_c0.jpg,data3/Trump/Rvids/zMNAos1hotI.webm,620.53,data3/audio_clips/Trump/real/zMNAos1hotI_620.53s_f014880_c0.wav,Trump,real
data3/frames_cropped/Trump/Rframes/KlJQVONJDBo_80.08s_f002400_c0.jpg,data3/Trump/Rvids/KlJQVONJDBo.mkv,80.08,data3/audio_clips/Trump/real/KlJQVONJDBo_80.08s_f002400_c0.wav,Trump,real
data3/frames_cropped/Trump/Rframes/zMNAos1hotI_612.52s_f014688_c0.jpg,data3/Trump/Rvids/zMNAos1hotI.webm,612.52,data3/audio_clips/Trump/real/zMNAos1hotI_612.52s_f014688_c0.wav,Trump,real
data3/frames_cropped/Trump/Rframes/RvPVpzmhMEM_10.01s_f000300_c3.jpg,data3/Trump/Rvids/RvPVpzmhMEM.webm,10.01,data3/audio_clips/Trump/real/RvPVpzmhMEM_10.01s_f000300_c3.wav,Trump,real
data3/frames_cropped/Trump/Rframes/6VCHzGITvt0_26.00s_f000650_c1.jpg,data3/Trump/Rvids/6VCHzGITvt0.webm,26.0,data3/audio_clips/Trump/real/6VCHzGITvt0_26.00s_f000650_c1.wav,Trump,real
data3/frames_cropped/Trump/Rframes/zMNAos1hotI_24.02s_f000576_c0.jpg,data3/Trump/Rvids/zMNAos1hotI.webm,24.02,data3/audio_clips/Trump/real/zMNAos1hotI_24.02s_f000576_c0.wav,Trump,real
data3/frames_cropped/Trump/Rframes/KlJQVONJDBo_54.05s_f001620_c0.jpg,data3/Trump/Rvids/KlJQVONJDBo.mkv,54.05,data3/audio_clips/Trump/real/KlJQVONJDBo_54.05s_f001620_c0.wav,Trump,real
data3/frames_cropped/Trump/Rframes/RvPVpzmhMEM_22.02s_f000660_c3.jpg,data3/Trump/Rvids/RvPVpzmhMEM.webm,22.02,data3/audio_clips/Trump/real/RvPVpzmhMEM_22.02s_f000660_c3.wav,Trump,real
data3/frames_cropped/Trump/Rframes/6VCHzGITvt0_22.00s_f000550_c1.jpg,data3/Trump/Rvids/6VCHzGITvt0.webm,22.0,data3/audio_clips/Trump/real/6VCHzGITvt0_22.00s_f000550_c1.wav,Trump,real
data3/frames_cropped/Trump/Rframes/cm6SK-IpDEs_58.05s_f001740_c0.jpg,data3/Trump/Rvids/cm6SK-IpDEs.webm,58.05,data3/audio_clips/Trump/real/cm6SK-IpDEs_58.05s_f001740_c0.wav,Trump,real
data3/frames_cropped/Trump/Rframes/f6S0Hhi5Y_w_10.01s_f000300_c0.jpg,data3/Trump/Rvids/f6S0Hhi5Y_w.webm,10.01,data3/audio_clips/Trump/real/f6S0Hhi5Y_w_10.01s_f000300_c0.wav,Trump,real
data3/frames_cropped/Trump/Rframes/LHd447EafFY_4.00s_f000120_c0.jpg,data3/Trump/Rvids/LHd447EafFY.webm,4.0,data3/audio_clips/Trump/real/LHd447EafFY_4.00s_f000120_c0.wav,Trump,real
data3/frames_cropped/Trump/Rframes/cm6SK-IpDEs_104.10s_f003120_c0.jpg,data3/Trump/Rvids/cm6SK-IpDEs.webm,104.1,data3/audio_clips/Trump/real/cm6SK-IpDEs_104.10s_f003120_c0.wav,Trump,real
data3/frames_cropped/Trump/Rframes/RvPVpzmhMEM_66.06s_f001980_c4.jpg,data3/Trump/Rvids/RvPVpzmhMEM.webm,66.06,data3/audio_clips/Trump/real/RvPVpzmhMEM_66.06s_f001980_c4.wav,Trump,real
data3/frames_cropped/Trump/Rframes/KlJQVONJDBo_68.07s_f002040_c0.jpg,data3/Trump/Rvids/KlJQVONJDBo.mkv,68.07,data3/audio_clips/Trump/real/KlJQVONJDBo_68.07s_f002040_c0.wav,Trump,real
data3/frames_cropped/Trump/Rframes/6VCHzGITvt0_20.00s_f000500_c1.jpg,data3/Trump/Rvids/6VCHzGITvt0.webm,20.0,data3/audio_clips/Trump/real/6VCHzGITvt0_20.00s_f000500_c1.wav,Trump,real
data3/frames_cropped/Trump/Rframes/aowTnlSylRE_38.04s_f001140_c0.jpg,data3/Trump/Rvids/aowTnlSylRE.webm,38.04,data3/audio_clips/Trump/real/aowTnlSylRE_38.04s_f001140_c0.wav,Trump,real
data3/frames_cropped/Trump/Rframes/LHd447EafFY_24.02s_f000720_c0.jpg,data3/Trump/Rvids/LHd447EafFY.webm,24.02,data3/audio_clips/Trump/real/LHd447EafFY_24.02s_f000720_c0.wav,Trump,real
data3/frames_cropped/Trump/Rframes/QtHybUMvahE_34.03s_f001020_c0.jpg,data3/Trump/Rvids/QtHybUMvahE.mkv,34.03,data3/audio_clips/Trump/real/QtHybUMvahE_34.03s_f001020_c0.wav,Trump,real
data3/frames_cropped/Trump/Rframes/6VCHzGITvt0_24.00s_f000600_c2.jpg,data3/Trump/Rvids/6VCHzGITvt0.webm,24.0,data3/audio_clips/Trump/real/6VCHzGITvt0_24.00s_f000600_c2.wav,Trump,real
data3/frames_cropped/Trump/Rframes/QtHybUMvahE_42.04s_f001260_c1.jpg,data3/Trump/Rvids/QtHybUMvahE.mkv,42.04,data3/audio_clips/Trump/real/QtHybUMvahE_42.04s_f001260_c1.wav,Trump,real
data3/frames_cropped/Trump/Rframes/RvPVpzmhMEM_26.02s_f000780_c3.jpg,data3/Trump/Rvids/RvPVpzmhMEM.webm,26.02,data3/audio_clips/Trump/real/RvPVpzmhMEM_26.02s_f000780_c3.wav,Trump,real
data3/frames_cropped/Trump/Rframes/cm6SK-IpDEs_68.06s_f002040_c0.jpg,data3/Trump/Rvids/cm6SK-IpDEs.webm,68.06,data3/audio_clips/Trump/real/cm6SK-IpDEs_68.06s_f002040_c0.wav,Trump,real
data3/frames_cropped/Trump/Rframes/zMNAos1hotI_18.02s_f000432_c0.jpg,data3/Trump/Rvids/zMNAos1hotI.webm,18.02,data3/audio_clips/Trump/real/zMNAos1hotI_18.02s_f000432_c0.wav,Trump,real
data3/frames_cropped/Trump/Rframes/QtHybUMvahE_50.05s_f001500_c0.jpg,data3/Trump/Rvids/QtHybUMvahE.mkv,50.05,data3/audio_clips/Trump/real/QtHybUMvahE_50.05s_f001500_c0.wav,Trump,real
data3/frames_cropped/Trump/Rframes/aowTnlSylRE_42.04s_f001260_c0.jpg,data3/Trump/Rvids/aowTnlSylRE.webm,42.04,data3/audio_clips/Trump/real/aowTnlSylRE_42.04s_f001260_c0.wav,Trump,real
data3/frames_cropped/Trump/Rframes/QtHybUMvahE_40.04s_f001200_c0.jpg,data3/Trump/Rvids/QtHybUMvahE.mkv,40.04,data3/audio_clips/Trump/real/QtHybUMvahE_40.04s_f001200_c0.wav,Trump,real
data3/frames_cropped/Trump/Rframes/QtHybUMvahE_38.04s_f001140_c0.jpg,data3/Trump/Rvids/QtHybUMvahE.mkv,38.04,data3/audio_clips/Trump/real/QtHybUMvahE_38.04s_f001140_c0.wav,Trump,real
data3/frames_cropped/Trump/Rframes/RvPVpzmhMEM_56.05s_f001680_c5.jpg,data3/Trump/Rvids/RvPVpzmhMEM.webm,56.05,data3/audio_clips/Trump/real/RvPVpzmhMEM_56.05s_f001680_c5.wav,Trump,real
data3/frames_cropped/Trump/Rframes/KlJQVONJDBo_88.09s_f002640_c0.jpg,data3/Trump/Rvids/KlJQVONJDBo.mkv,88.09,data3/audio_clips/Trump/real/KlJQVONJDBo_88.09s_f002640_c0.wav,Trump,real
data3/frames_cropped/Trump/Rframes/zMNAos1hotI_614.53s_f014736_c0.jpg,data3/Trump/Rvids/zMNAos1hotI.webm,614.53,data3/audio_clips/Trump/real/zMNAos1hotI_614.53s_f014736_c0.wav,Trump,real
data3/frames_cropped/Trump/Rframes/zMNAos1hotI_20.02s_f000480_c0.jpg,data3/Trump/Rvids/zMNAos1hotI.webm,20.02,data3/audio_clips/Trump/real/zMNAos1hotI_20.02s_f000480_c0.wav,Trump,real
data3/frames_cropped/Trump/Rframes/6VCHzGITvt0_16.00s_f000400_c0.jpg,data3/Trump/Rvids/6VCHzGITvt0.webm,16.0,data3/audio_clips/Trump/real/6VCHzGITvt0_16.00s_f000400_c0.wav,Trump,real
data3/frames_cropped/Trump/Rframes/KlJQVONJDBo_76.08s_f002280_c0.jpg,data3/Trump/Rvids/KlJQVONJDBo.mkv,76.08,data3/audio_clips/Trump/real/KlJQVONJDBo_76.08s_f002280_c0.wav,Trump,real
data3/frames_cropped/Trump/Rframes/f6S0Hhi5Y_w_12.01s_f000360_c0.jpg,data3/Trump/Rvids/f6S0Hhi5Y_w.webm,12.01,data3/audio_clips/Trump/real/f6S0Hhi5Y_w_12.01s_f000360_c0.wav,Trump,real
data3/frames_cropped/Trump/Rframes/aowTnlSylRE_4.00s_f000120_c0.jpg,data3/Trump/Rvids/aowTnlSylRE.webm,4.0,data3/audio_clips/Trump/real/aowTnlSylRE_4.00s_f000120_c0.wav,Trump,real
data3/frames_cropped/Trump/Rframes/RvPVpzmhMEM_20.02s_f000600_c3.jpg,data3/Trump/Rvids/RvPVpzmhMEM.webm,20.02,data3/audio_clips/Trump/real/RvPVpzmhMEM_20.02s_f000600_c3.wav,Trump,real
data3/frames_cropped/Trump/Rframes/QtHybUMvahE_32.03s_f000960_c0.jpg,data3/Trump/Rvids/QtHybUMvahE.mkv,32.03,data3/audio_clips/Trump/real/QtHybUMvahE_32.03s_f000960_c0.wav,Trump,real
data3/frames_cropped/Trump/Rframes/cm6SK-IpDEs_80.07s_f002400_c0.jpg,data3/Trump/Rvids/cm6SK-IpDEs.webm,80.07,data3/audio_clips/Trump/real/cm6SK-IpDEs_80.07s_f002400_c0.wav,Trump,real
data3/frames_cropped/Trump/Rframes/f6S0Hhi5Y_w_18.02s_f000540_c0.jpg,data3/Trump/Rvids/f6S0Hhi5Y_w.webm,18.02,data3/audio_clips/Trump/real/f6S0Hhi5Y_w_18.02s_f000540_c0.wav,Trump,real
data3/frames_cropped/Trump/Rframes/RvPVpzmhMEM_36.03s_f001080_c3.jpg,data3/Trump/Rvids/RvPVpzmhMEM.webm,36.03,data3/audio_clips/Trump/real/RvPVpzmhMEM_36.03s_f001080_c3.wav,Trump,real
data3/frames_cropped/Trump/Rframes/6VCHzGITvt0_30.00s_f000750_c1.jpg,data3/Trump/Rvids/6VCHzGITvt0.webm,30.0,data3/audio_clips/Trump/real/6VCHzGITvt0_30.00s_f000750_c1.wav,Trump,real
data3/frames_cropped/Trump/Rframes/QtHybUMvahE_46.05s_f001380_c0.jpg,data3/Trump/Rvids/QtHybUMvahE.mkv,46.05,data3/audio_clips/Trump/real/QtHybUMvahE_46.05s_f001380_c0.wav,Trump,real
data3/frames_cropped/Trump/Rframes/KlJQVONJDBo_82.08s_f002460_c0.jpg,data3/Trump/Rvids/KlJQVONJDBo.mkv,82.08,data3/audio_clips/Trump/real/KlJQVONJDBo_82.08s_f002460_c0.wav,Trump,real
data3/frames_cropped/Trump/Rframes/cm6SK-IpDEs_66.06s_f001980_c0.jpg,data3/Trump/Rvids/cm6SK-IpDEs.webm,66.06,data3/audio_clips/Trump/real/cm6SK-IpDEs_66.06s_f001980_c0.wav,Trump,real
data3/frames_cropped/Trump/Rframes/f6S0Hhi5Y_w_14.01s_f000420_c0.jpg,data3/Trump/Rvids/f6S0Hhi5Y_w.webm,14.01,data3/audio_clips/Trump/real/f6S0Hhi5Y_w_14.01s_f000420_c0.wav,Trump,real
data3/frames_cropped/Trump/Rframes/f6S0Hhi5Y_w_24.02s_f000720_c0.jpg,data3/Trump/Rvids/f6S0Hhi5Y_w.webm,24.02,data3/audio_clips/Trump/real/f6S0Hhi5Y_w_24.02s_f000720_c0.wav,Trump,real
data3/frames_cropped/Trump/Rframes/QtHybUMvahE_44.04s_f001320_c0.jpg,data3/Trump/Rvids/QtHybUMvahE.mkv,44.04,data3/audio_clips/Trump/real/QtHybUMvahE_44.04s_f001320_c0.wav,Trump,real
data3/frames_cropped/Trump/Rframes/LHd447EafFY_22.02s_f000660_c0.jpg,data3/Trump/Rvids/LHd447EafFY.webm,22.02,data3/audio_clips/Trump/real/LHd447EafFY_22.02s_f000660_c0.wav,Trump,real
data3/frames_cropped/Trump/Rframes/LHd447EafFY_10.01s_f000300_c0.jpg,data3/Trump/Rvids/LHd447EafFY.webm,10.01,data3/audio_clips/Trump/real/LHd447EafFY_10.01s_f000300_c0.wav,Trump,real
data3/frames_cropped/Trump/Rframes/LHd447EafFY_2.00s_f000060_c0.jpg,data3/Trump/Rvids/LHd447EafFY.webm,2.0,data3/audio_clips/Trump/real/LHd447EafFY_2.00s_f000060_c0.wav,Trump,real
data3/frames_cropped/Trump/Rframes/6VCHzGITvt0_18.00s_f000450_c0.jpg,data3/Trump/Rvids/6VCHzGITvt0.webm,18.0,data3/audio_clips/Trump/real/6VCHzGITvt0_18.00s_f000450_c0.wav,Trump,real
data3/frames_cropped/Trump/Rframes/aowTnlSylRE_0.00s_f000000_c1.jpg,data3/Trump/Rvids/aowTnlSylRE.webm,0.0,data3/audio_clips/Trump/real/aowTnlSylRE_0.00s_f000000_c1.wav,Trump,real
data3/frames_cropped/Trump/Rframes/RvPVpzmhMEM_16.02s_f000480_c3.jpg,data3/Trump/Rvids/RvPVpzmhMEM.webm,16.02,data3/audio_clips/Trump/real/RvPVpzmhMEM_16.02s_f000480_c3.wav,Trump,real
data3/frames_cropped/Trump/Rframes/QtHybUMvahE_28.03s_f000840_c0.jpg,data3/Trump/Rvids/QtHybUMvahE.mkv,28.03,data3/audio_clips/Trump/real/QtHybUMvahE_28.03s_f000840_c0.wav,Trump,real
data3/frames_cropped/Trump/Rframes/zMNAos1hotI_16.01s_f000384_c0.jpg,data3/Trump/Rvids/zMNAos1hotI.webm,16.01,data3/audio_clips/Trump/real/zMNAos1hotI_16.01s_f000384_c0.wav,Trump,real
data3/frames_cropped/Trump/Rframes/6VCHzGITvt0_12.00s_f000300_c1.jpg,data3/Trump/Rvids/6VCHzGITvt0.webm,12.0,data3/audio_clips/Trump/real/6VCHzGITvt0_12.00s_f000300_c1.wav,Trump,real
data3/frames_cropped/Trump/Rframes/RvPVpzmhMEM_40.04s_f001200_c3.jpg,data3/Trump/Rvids/RvPVpzmhMEM.webm,40.04,data3/audio_clips/Trump/real/RvPVpzmhMEM_40.04s_f001200_c3.wav,Trump,real
data3/frames_cropped/Trump/Rframes/KlJQVONJDBo_70.07s_f002100_c0.jpg,data3/Trump/Rvids/KlJQVONJDBo.mkv,70.07,data3/audio_clips/Trump/real/KlJQVONJDBo_70.07s_f002100_c0.wav,Trump,real
data3/frames_cropped/Trump/Rframes/aowTnlSylRE_10.01s_f000300_c0.jpg,data3/Trump/Rvids/aowTnlSylRE.webm,10.01,data3/audio_clips/Trump/real/aowTnlSylRE_10.01s_f000300_c0.wav,Trump,real
data3/frames_cropped/Trump/Rframes/6VCHzGITvt0_10.00s_f000250_c2.jpg,data3/Trump/Rvids/6VCHzGITvt0.webm,10.0,data3/audio_clips/Trump/real/6VCHzGITvt0_10.00s_f000250_c2.wav,Trump,real
data3/frames_cropped/Trump/Rframes/RvPVpzmhMEM_14.01s_f000420_c3.jpg,data3/Trump/Rvids/RvPVpzmhMEM.webm,14.01,data3/audio_clips/Trump/real/RvPVpzmhMEM_14.01s_f000420_c3.wav,Trump,real
data3/frames_cropped/Trump/Rframes/RvPVpzmhMEM_24.02s_f000720_c3.jpg,data3/Trump/Rvids/RvPVpzmhMEM.webm,24.02,data3/audio_clips/Trump/real/RvPVpzmhMEM_24.02s_f000720_c3.wav,Trump,real
data3/frames_cropped/Trump/Rframes/zMNAos1hotI_22.02s_f000528_c0.jpg,data3/Trump/Rvids/zMNAos1hotI.webm,22.02,data3/audio_clips/Trump/real/zMNAos1hotI_22.02s_f000528_c0.wav,Trump,real
data3/frames_cropped/Trump/Rframes/aowTnlSylRE_58.06s_f001740_c1.jpg,data3/Trump/Rvids/aowTnlSylRE.webm,58.06,data3/audio_clips/Trump/real/aowTnlSylRE_58.06s_f001740_c1.wav,Trump,real
data3/frames_cropped/Trump/Rframes/aowTnlSylRE_48.05s_f001440_c1.jpg,data3/Trump/Rvids/aowTnlSylRE.webm,48.05,data3/audio_clips/Trump/real/aowTnlSylRE_48.05s_f001440_c1.wav,Trump,real
data3/frames_cropped/Trump/Rframes/LHd447EafFY_8.01s_f000240_c0.jpg,data3/Trump/Rvids/LHd447EafFY.webm,8.01,data3/audio_clips/Trump/real/LHd447EafFY_8.01s_f000240_c0.wav,Trump,real
data3/frames_cropped/Trump/Rframes/f6S0Hhi5Y_w_16.02s_f000480_c0.jpg,data3/Trump/Rvids/f6S0Hhi5Y_w.webm,16.02,data3/audio_clips/Trump/real/f6S0Hhi5Y_w_16.02s_f000480_c0.wav,Trump,real
data3/frames_cropped/Trump/Rframes/zMNAos1hotI_26.02s_f000624_c0.jpg,data3/Trump/Rvids/zMNAos1hotI.webm,26.02,data3/audio_clips/Trump/real/zMNAos1hotI_26.02s_f000624_c0.wav,Trump,real
data3/frames_cropped/Trump/Rframes/cm6SK-IpDEs_16.01s_f000480_c0.jpg,data3/Trump/Rvids/cm6SK-IpDEs.webm,16.01,data3/audio_clips/Trump/real/cm6SK-IpDEs_16.01s_f000480_c0.wav,Trump,real
data3/frames_cropped/Trump/Rframes/zMNAos1hotI_616.53s_f014784_c0.jpg,data3/Trump/Rvids/zMNAos1hotI.webm,616.53,data3/audio_clips/Trump/real/zMNAos1hotI_616.53s_f014784_c0.wav,Trump,real
data3/frames_cropped/Trump/Rframes/f6S0Hhi5Y_w_4.00s_f000120_c0.jpg,data3/Trump/Rvids/f6S0Hhi5Y_w.webm,4.0,data3/audio_clips/Trump/real/f6S0Hhi5Y_w_4.00s_f000120_c0.wav,Trump,real
data3/frames_cropped/Trump/Rframes/aowTnlSylRE_8.01s_f000240_c1.jpg,data3/Trump/Rvids/aowTnlSylRE.webm,8.01,data3/audio_clips/Trump/real/aowTnlSylRE_8.01s_f000240_c1.wav,Trump,real
data3/frames_cropped/Trump/Rframes/cm6SK-IpDEs_18.02s_f000540_c0.jpg,data3/Trump/Rvids/cm6SK-IpDEs.webm,18.02,data3/audio_clips/Trump/real/cm6SK-IpDEs_18.02s_f000540_c0.wav,Trump,real
data3/frames_cropped/Trump/Rframes/LHd447EafFY_26.03s_f000780_c0.jpg,data3/Trump/Rvids/LHd447EafFY.webm,26.03,data3/audio_clips/Trump/real/LHd447EafFY_26.03s_f000780_c0.wav,Trump,real
data3/frames_cropped/Trump/Rframes/QtHybUMvahE_48.05s_f001440_c0.jpg,data3/Trump/Rvids/QtHybUMvahE.mkv,48.05,data3/audio_clips/Trump/real/QtHybUMvahE_48.05s_f001440_c0.wav,Trump,real
data3/frames_cropped/Trump/Rframes/6VCHzGITvt0_28.00s_f000700_c1.jpg,data3/Trump/Rvids/6VCHzGITvt0.webm,28.0,data3/audio_clips/Trump/real/6VCHzGITvt0_28.00s_f000700_c1.wav,Trump,real
data3/frames_cropped/Trump/Rframes/KlJQVONJDBo_90.09s_f002700_c1.jpg,data3/Trump/Rvids/KlJQVONJDBo.mkv,90.09,data3/audio_clips/Trump/real/KlJQVONJDBo_90.09s_f002700_c1.wav,Trump,real
data3/frames_cropped/Trump/Rframes/KlJQVONJDBo_74.07s_f002220_c0.jpg,data3/Trump/Rvids/KlJQVONJDBo.mkv,74.07,data3/audio_clips/Trump/real/KlJQVONJDBo_74.07s_f002220_c0.wav,Trump,real
data3/frames_cropped/Trump/Rframes/LHd447EafFY_28.03s_f000840_c0.jpg,data3/Trump/Rvids/LHd447EafFY.webm,28.03,data3/audio_clips/Trump/real/LHd447EafFY_28.03s_f000840_c0.wav,Trump,real
data3/frames_cropped/Trump/Rframes/KlJQVONJDBo_62.06s_f001860_c0.jpg,data3/Trump/Rvids/KlJQVONJDBo.mkv,62.06,data3/audio_clips/Trump/real/KlJQVONJDBo_62.06s_f001860_c0.wav,Trump,real
data3/frames_cropped/Trump/Rframes/KlJQVONJDBo_72.07s_f002160_c0.jpg,data3/Trump/Rvids/KlJQVONJDBo.mkv,72.07,data3/audio_clips/Trump/real/KlJQVONJDBo_72.07s_f002160_c0.wav,Trump,real
data3/frames_cropped/Trump/Rframes/LHd447EafFY_6.01s_f000180_c0.jpg,data3/Trump/Rvids/LHd447EafFY.webm,6.01,data3/audio_clips/Trump/real/LHd447EafFY_6.01s_f000180_c0.wav,Trump,real
data3/frames_cropped/Trump/Rframes/cm6SK-IpDEs_108.10s_f003240_c0.jpg,data3/Trump/Rvids/cm6SK-IpDEs.webm,108.1,data3/audio_clips/Trump/real/cm6SK-IpDEs_108.10s_f003240_c0.wav,Trump,real
data3/frames_cropped/Trump/Rframes/RvPVpzmhMEM_34.03s_f001020_c3.jpg,data3/Trump/Rvids/RvPVpzmhMEM.webm,34.03,data3/audio_clips/Trump/real/RvPVpzmhMEM_34.03s_f001020_c3.wav,Trump,real
data3/frames_cropped/Trump/Rframes/RvPVpzmhMEM_42.04s_f001260_c3.jpg,data3/Trump/Rvids/RvPVpzmhMEM.webm,42.04,data3/audio_clips/Trump/real/RvPVpzmhMEM_42.04s_f001260_c3.wav,Trump,real
data3/frames_cropped/Trump/Rframes/aowTnlSylRE_2.00s_f000060_c0.jpg,data3/Trump/Rvids/aowTnlSylRE.webm,2.0,data3/audio_clips/Trump/real/aowTnlSylRE_2.00s_f000060_c0.wav,Trump,real
data3/frames_cropped/Trump/Rframes/cm6SK-IpDEs_98.09s_f002940_c0.jpg,data3/Trump/Rvids/cm6SK-IpDEs.webm,98.09,data3/audio_clips/Trump/real/cm6SK-IpDEs_98.09s_f002940_c0.wav,Trump,real
data3/frames_cropped/Trump/Rframes/RvPVpzmhMEM_30.03s_f000900_c4.jpg,data3/Trump/Rvids/RvPVpzmhMEM.webm,30.03,data3/audio_clips/Trump/real/RvPVpzmhMEM_30.03s_f000900_c4.wav,Trump,real
data3/frames_cropped/Trump/Rframes/KlJQVONJDBo_48.05s_f001440_c0.jpg,data3/Trump/Rvids/KlJQVONJDBo.mkv,48.05,data3/audio_clips/Trump/real/KlJQVONJDBo_48.05s_f001440_c0.wav,Trump,real
data3/frames_cropped/Trump/Rframes/cm6SK-IpDEs_20.02s_f000600_c0.jpg,data3/Trump/Rvids/cm6SK-IpDEs.webm,20.02,data3/audio_clips/Trump/real/cm6SK-IpDEs_20.02s_f000600_c0.wav,Trump,real
data3/frames_cropped/Trump/Rframes/zMNAos1hotI_622.53s_f014928_c1.jpg,data3/Trump/Rvids/zMNAos1hotI.webm,622.53,data3/audio_clips/Trump/real/zMNAos1hotI_622.53s_f014928_c1.wav,Trump,real
data3/frames_cropped/Trump/Rframes/cm6SK-IpDEs_56.05s_f001680_c0.jpg,data3/Trump/Rvids/cm6SK-IpDEs.webm,56.05,data3/audio_clips/Trump/real/cm6SK-IpDEs_56.05s_f001680_c0.wav,Trump,real
data3/frames_cropped/Trump/Rframes/aowTnlSylRE_44.04s_f001320_c1.jpg,data3/Trump/Rvids/aowTnlSylRE.webm,44.04,data3/audio_clips/Trump/real/aowTnlSylRE_44.04s_f001320_c1.wav,Trump,real
data3/frames_cropped/Trump/Rframes/cm6SK-IpDEs_48.04s_f001440_c0.jpg,data3/Trump/Rvids/cm6SK-IpDEs.webm,48.04,data3/audio_clips/Trump/real/cm6SK-IpDEs_48.04s_f001440_c0.wav,Trump,real
data3/frames_cropped/Trump/Fframes/ZyHVG8wEDyc_30.03s_f000900_c3.jpg,data3/Trump/Fvids/ZyHVG8wEDyc.mkv,30.03,data3/audio_clips/Trump/fake/ZyHVG8wEDyc_30.03s_f000900_c3.wav,Trump,fake
data3/frames_cropped/Trump/Fframes/lrRSWc84_aM_54.00s_f001350_c0.jpg,data3/Trump/Fvids/lrRSWc84_aM.mkv,54.0,data3/audio_clips/Trump/fake/lrRSWc84_aM_54.00s_f001350_c0.wav,Trump,fake
data3/frames_cropped/Trump/Fframes/lrRSWc84_aM_2.00s_f000050_c0.jpg,data3/Trump/Fvids/lrRSWc84_aM.mkv,2.0,data3/audio_clips/Trump/fake/lrRSWc84_aM_2.00s_f000050_c0.wav,Trump,fake
data3/frames_cropped/Trump/Fframes/kS4aOZYO53c_44.00s_f002640_c0.jpg,data3/Trump/Fvids/kS4aOZYO53c.webm,44.0,data3/audio_clips/Trump/fake/kS4aOZYO53c_44.00s_f002640_c0.wav,Trump,fake
data3/frames_cropped/Trump/Fframes/lrRSWc84_aM_30.00s_f000750_c0.jpg,data3/Trump/Fvids/lrRSWc84_aM.mkv,30.0,data3/audio_clips/Trump/fake/lrRSWc84_aM_30.00s_f000750_c0.wav,Trump,fake
data3/frames_cropped/Trump/Fframes/1909256201289994240_32.00s_f001920_c0.jpg,data3/Trump/Fvids/1909256201289994240.mp4,32.0,data3/audio_clips/Trump/fake/1909256201289994240_32.00s_f001920_c0.wav,Trump,fake
data3/frames_cropped/Trump/Fframes/1909256201289994240_22.00s_f001320_c0.jpg,data3/Trump/Fvids/1909256201289994240.mp4,22.0,data3/audio_clips/Trump/fake/1909256201289994240_22.00s_f001320_c0.wav,Trump,fake
data3/frames_cropped/Trump/Fframes/kS4aOZYO53c_6.00s_f000360_c0.jpg,data3/Trump/Fvids/kS4aOZYO53c.webm,6.0,data3/audio_clips/Trump/fake/kS4aOZYO53c_6.00s_f000360_c0.wav,Trump,fake
data3/frames_cropped/Trump/Fframes/lrRSWc84_aM_48.00s_f001200_c0.jpg,data3/Trump/Fvids/lrRSWc84_aM.mkv,48.0,data3/audio_clips/Trump/fake/lrRSWc84_aM_48.00s_f001200_c0.wav,Trump,fake
data3/frames_cropped/Trump/Fframes/1909256201289994240_26.00s_f001560_c0.jpg,data3/Trump/Fvids/1909256201289994240.mp4,26.0,data3/audio_clips/Trump/fake/1909256201289994240_26.00s_f001560_c0.wav,Trump,fake
data3/frames_cropped/Trump/Fframes/ZyHVG8wEDyc_30.03s_f000900_c1.jpg,data3/Trump/Fvids/ZyHVG8wEDyc.mkv,30.03,data3/audio_clips/Trump/fake/ZyHVG8wEDyc_30.03s_f000900_c1.wav,Trump,fake
data3/frames_cropped/Trump/Fframes/1825869356967858177_104.00s_f003120_c0.jpg,data3/Trump/Fvids/1825869356967858177.mp4,104.0,data3/audio_clips/Trump/fake/1825869356967858177_104.00s_f003120_c0.wav,Trump,fake
data3/frames_cropped/Trump/Fframes/kS4aOZYO53c_56.00s_f003360_c0.jpg,data3/Trump/Fvids/kS4aOZYO53c.webm,56.0,data3/audio_clips/Trump/fake/kS4aOZYO53c_56.00s_f003360_c0.wav,Trump,fake
data3/frames_cropped/Trump/Fframes/lrRSWc84_aM_0.00s_f000000_c0.jpg,data3/Trump/Fvids/lrRSWc84_aM.mkv,0.0,data3/audio_clips/Trump/fake/lrRSWc84_aM_0.00s_f000000_c0.wav,Trump,fake
data3/frames_cropped/Trump/Fframes/1825869356967858177_132.00s_f003960_c0.jpg,data3/Trump/Fvids/1825869356967858177.mp4,132.0,data3/audio_clips/Trump/fake/1825869356967858177_132.00s_f003960_c0.wav,Trump,fake
data3/frames_cropped/Trump/Fframes/lrRSWc84_aM_16.00s_f000400_c0.jpg,data3/Trump/Fvids/lrRSWc84_aM.mkv,16.0,data3/audio_clips/Trump/fake/lrRSWc84_aM_16.00s_f000400_c0.wav,Trump,fake
data3/frames_cropped/Trump/Fframes/kS4aOZYO53c_66.00s_f003960_c0.jpg,data3/Trump/Fvids/kS4aOZYO53c.webm,66.0,data3/audio_clips/Trump/fake/kS4aOZYO53c_66.00s_f003960_c0.wav,Trump,fake
data3/frames_cropped/Trump/Fframes/kS4aOZYO53c_60.00s_f003600_c0.jpg,data3/Trump/Fvids/kS4aOZYO53c.webm,60.0,data3/audio_clips/Trump/fake/kS4aOZYO53c_60.00s_f003600_c0.wav,Trump,fake
data3/frames_cropped/Trump/Fframes/1909197769165643776_6.01s_f000180_c0.jpg,data3/Trump/Fvids/1909197769165643776.mp4,6.01,data3/audio_clips/Trump/fake/1909197769165643776_6.01s_f000180_c0.wav,Trump,fake
data3/frames_cropped/Trump/Fframes/1909197769165643776_12.01s_f000360_c0.jpg,data3/Trump/Fvids/1909197769165643776.mp4,12.01,data3/audio_clips/Trump/fake/1909197769165643776_12.01s_f000360_c0.wav,Trump,fake
data3/frames_cropped/Trump/Fframes/1909197769165643776_10.01s_f000300_c0.jpg,data3/Trump/Fvids/1909197769165643776.mp4,10.01,data3/audio_clips/Trump/fake/1909197769165643776_10.01s_f000300_c0.wav,Trump,fake
data3/frames_cropped/Trump/Fframes/1825869356967858177_146.00s_f004380_c0.jpg,data3/Trump/Fvids/1825869356967858177.mp4,146.0,data3/audio_clips/Trump/fake/1825869356967858177_146.00s_f004380_c0.wav,Trump,fake
data3/frames_cropped/Trump/Fframes/kS4aOZYO53c_20.00s_f001200_c0.jpg,data3/Trump/Fvids/kS4aOZYO53c.webm,20.0,data3/audio_clips/Trump/fake/kS4aOZYO53c_20.00s_f001200_c0.wav,Trump,fake
data3/frames_cropped/Trump/Fframes/lrRSWc84_aM_36.00s_f000900_c0.jpg,data3/Trump/Fvids/lrRSWc84_aM.mkv,36.0,data3/audio_clips/Trump/fake/lrRSWc84_aM_36.00s_f000900_c0.wav,Trump,fake
data3/frames_cropped/Trump/Fframes/lrRSWc84_aM_44.00s_f001100_c0.jpg,data3/Trump/Fvids/lrRSWc84_aM.mkv,44.0,data3/audio_clips/Trump/fake/lrRSWc84_aM_44.00s_f001100_c0.wav,Trump,fake
data3/frames_cropped/Trump/Fframes/ZyHVG8wEDyc_16.02s_f000480_c1.jpg,data3/Trump/Fvids/ZyHVG8wEDyc.mkv,16.02,data3/audio_clips/Trump/fake/ZyHVG8wEDyc_16.02s_f000480_c1.wav,Trump,fake
data3/frames_cropped/Trump/Fframes/kS4aOZYO53c_50.00s_f003000_c0.jpg,data3/Trump/Fvids/kS4aOZYO53c.webm,50.0,data3/audio_clips/Trump/fake/kS4aOZYO53c_50.00s_f003000_c0.wav,Trump,fake
data3/frames_cropped/Trump/Fframes/lrRSWc84_aM_56.00s_f001400_c0.jpg,data3/Trump/Fvids/lrRSWc84_aM.mkv,56.0,data3/audio_clips/Trump/fake/lrRSWc84_aM_56.00s_f001400_c0.wav,Trump,fake
data3/frames_cropped/Trump/Fframes/kS4aOZYO53c_24.00s_f001440_c0.jpg,data3/Trump/Fvids/kS4aOZYO53c.webm,24.0,data3/audio_clips/Trump/fake/kS4aOZYO53c_24.00s_f001440_c0.wav,Trump,fake
data3/frames_cropped/Trump/Fframes/lrRSWc84_aM_20.00s_f000500_c0.jpg,data3/Trump/Fvids/lrRSWc84_aM.mkv,20.0,data3/audio_clips/Trump/fake/lrRSWc84_aM_20.00s_f000500_c0.wav,Trump,fake
data3/frames_cropped/Trump/Fframes/1909197769165643776_8.01s_f000240_c0.jpg,data3/Trump/Fvids/1909197769165643776.mp4,8.01,data3/audio_clips/Trump/fake/1909197769165643776_8.01s_f000240_c0.wav,Trump,fake
data3/frames_cropped/Trump/Fframes/kS4aOZYO53c_68.00s_f004080_c0.jpg,data3/Trump/Fvids/kS4aOZYO53c.webm,68.0,data3/audio_clips/Trump/fake/kS4aOZYO53c_68.00s_f004080_c0.wav,Trump,fake
data3/frames_cropped/Trump/Fframes/kS4aOZYO53c_34.00s_f002040_c0.jpg,data3/Trump/Fvids/kS4aOZYO53c.webm,34.0,data3/audio_clips/Trump/fake/kS4aOZYO53c_34.00s_f002040_c0.wav,Trump,fake
data3/frames_cropped/Trump/Fframes/lrRSWc84_aM_24.00s_f000600_c0.jpg,data3/Trump/Fvids/lrRSWc84_aM.mkv,24.0,data3/audio_clips/Trump/fake/lrRSWc84_aM_24.00s_f000600_c0.wav,Trump,fake
data3/frames_cropped/Trump/Fframes/kS4aOZYO53c_30.00s_f001800_c0.jpg,data3/Trump/Fvids/kS4aOZYO53c.webm,30.0,data3/audio_clips/Trump/fake/kS4aOZYO53c_30.00s_f001800_c0.wav,Trump,fake
data3/frames_cropped/Trump/Fframes/kS4aOZYO53c_14.00s_f000840_c0.jpg,data3/Trump/Fvids/kS4aOZYO53c.webm,14.0,data3/audio_clips/Trump/fake/kS4aOZYO53c_14.00s_f000840_c0.wav,Trump,fake
data3/frames_cropped/Trump/Fframes/kS4aOZYO53c_42.00s_f002520_c0.jpg,data3/Trump/Fvids/kS4aOZYO53c.webm,42.0,data3/audio_clips/Trump/fake/kS4aOZYO53c_42.00s_f002520_c0.wav,Trump,fake
data3/frames_cropped/Trump/Fframes/1909256201289994240_18.00s_f001080_c0.jpg,data3/Trump/Fvids/1909256201289994240.mp4,18.0,data3/audio_clips/Trump/fake/1909256201289994240_18.00s_f001080_c0.wav,Trump,fake
data3/frames_cropped/Trump/Fframes/lrRSWc84_aM_22.00s_f000550_c0.jpg,data3/Trump/Fvids/lrRSWc84_aM.mkv,22.0,data3/audio_clips/Trump/fake/lrRSWc84_aM_22.00s_f000550_c0.wav,Trump,fake
data3/frames_cropped/Trump/Fframes/1906554822158921728_0.00s_f000000_c0.jpg,data3/Trump/Fvids/1906554822158921728.mp4,0.0,data3/audio_clips/Trump/fake/1906554822158921728_0.00s_f000000_c0.wav,Trump,fake
data3/frames_cropped/Trump/Fframes/lrRSWc84_aM_34.00s_f000850_c0.jpg,data3/Trump/Fvids/lrRSWc84_aM.mkv,34.0,data3/audio_clips/Trump/fake/lrRSWc84_aM_34.00s_f000850_c0.wav,Trump,fake
data3/frames_cropped/Trump/Fframes/lrRSWc84_aM_14.00s_f000350_c0.jpg,data3/Trump/Fvids/lrRSWc84_aM.mkv,14.0,data3/audio_clips/Trump/fake/lrRSWc84_aM_14.00s_f000350_c0.wav,Trump,fake
data3/frames_cropped/Trump/Fframes/lrRSWc84_aM_46.00s_f001150_c0.jpg,data3/Trump/Fvids/lrRSWc84_aM.mkv,46.0,data3/audio_clips/Trump/fake/lrRSWc84_aM_46.00s_f001150_c0.wav,Trump,fake
data3/frames_cropped/Trump/Fframes/lrRSWc84_aM_26.00s_f000650_c0.jpg,data3/Trump/Fvids/lrRSWc84_aM.mkv,26.0,data3/audio_clips/Trump/fake/lrRSWc84_aM_26.00s_f000650_c0.wav,Trump,fake
data3/frames_cropped/Trump/Fframes/ZyHVG8wEDyc_32.03s_f000960_c2.jpg,data3/Trump/Fvids/ZyHVG8wEDyc.mkv,32.03,data3/audio_clips/Trump/fake/ZyHVG8wEDyc_32.03s_f000960_c2.wav,Trump,fake
data3/frames_cropped/Trump/Fframes/kS4aOZYO53c_0.00s_f000000_c0.jpg,data3/Trump/Fvids/kS4aOZYO53c.webm,0.0,data3/audio_clips/Trump/fake/kS4aOZYO53c_0.00s_f000000_c0.wav,Trump,fake
data3/frames_cropped/Trump/Fframes/1825869356967858177_22.00s_f000660_c0.jpg,data3/Trump/Fvids/1825869356967858177.mp4,22.0,data3/audio_clips/Trump/fake/1825869356967858177_22.00s_f000660_c0.wav,Trump,fake
data3/frames_cropped/Trump/Fframes/ZyHVG8wEDyc_24.02s_f000720_c1.jpg,data3/Trump/Fvids/ZyHVG8wEDyc.mkv,24.02,data3/audio_clips/Trump/fake/ZyHVG8wEDyc_24.02s_f000720_c1.wav,Trump,fake
data3/frames_cropped/Trump/Fframes/1825869356967858177_80.00s_f002400_c0.jpg,data3/Trump/Fvids/1825869356967858177.mp4,80.0,data3/audio_clips/Trump/fake/1825869356967858177_80.00s_f002400_c0.wav,Trump,fake
data3/frames_cropped/Trump/Fframes/1909197769165643776_2.00s_f000060_c0.jpg,data3/Trump/Fvids/1909197769165643776.mp4,2.0,data3/audio_clips/Trump/fake/1909197769165643776_2.00s_f000060_c0.wav,Trump,fake
data3/frames_cropped/Trump/Fframes/kS4aOZYO53c_12.00s_f000720_c0.jpg,data3/Trump/Fvids/kS4aOZYO53c.webm,12.0,data3/audio_clips/Trump/fake/kS4aOZYO53c_12.00s_f000720_c0.wav,Trump,fake
data3/frames_cropped/Trump/Fframes/ZyHVG8wEDyc_32.03s_f000960_c3.jpg,data3/Trump/Fvids/ZyHVG8wEDyc.mkv,32.03,data3/audio_clips/Trump/fake/ZyHVG8wEDyc_32.03s_f000960_c3.wav,Trump,fake
data3/frames_cropped/Trump/Fframes/ZyHVG8wEDyc_26.03s_f000780_c1.jpg,data3/Trump/Fvids/ZyHVG8wEDyc.mkv,26.03,data3/audio_clips/Trump/fake/ZyHVG8wEDyc_26.03s_f000780_c1.wav,Trump,fake
data3/frames_cropped/Trump/Fframes/kS4aOZYO53c_70.00s_f004200_c0.jpg,data3/Trump/Fvids/kS4aOZYO53c.webm,70.0,data3/audio_clips/Trump/fake/kS4aOZYO53c_70.00s_f004200_c0.wav,Trump,fake
data3/frames_cropped/Trump/Fframes/kS4aOZYO53c_62.00s_f003720_c0.jpg,data3/Trump/Fvids/kS4aOZYO53c.webm,62.0,data3/audio_clips/Trump/fake/kS4aOZYO53c_62.00s_f003720_c0.wav,Trump,fake
data3/frames_cropped/Trump/Fframes/kS4aOZYO53c_18.00s_f001080_c0.jpg,data3/Trump/Fvids/kS4aOZYO53c.webm,18.0,data3/audio_clips/Trump/fake/kS4aOZYO53c_18.00s_f001080_c0.wav,Trump,fake
data3/frames_cropped/Trump/Fframes/lrRSWc84_aM_4.00s_f000100_c0.jpg,data3/Trump/Fvids/lrRSWc84_aM.mkv,4.0,data3/audio_clips/Trump/fake/lrRSWc84_aM_4.00s_f000100_c0.wav,Trump,fake
data3/frames_cropped/Trump/Fframes/lrRSWc84_aM_38.00s_f000950_c0.jpg,data3/Trump/Fvids/lrRSWc84_aM.mkv,38.0,data3/audio_clips/Trump/fake/lrRSWc84_aM_38.00s_f000950_c0.wav,Trump,fake
data3/frames_cropped/Trump/Fframes/lrRSWc84_aM_52.00s_f001300_c0.jpg,data3/Trump/Fvids/lrRSWc84_aM.mkv,52.0,data3/audio_clips/Trump/fake/lrRSWc84_aM_52.00s_f001300_c0.wav,Trump,fake
data3/frames_cropped/Trump/Fframes/1825869356967858177_102.00s_f003060_c1.jpg,data3/Trump/Fvids/1825869356967858177.mp4,102.0,data3/audio_clips/Trump/fake/1825869356967858177_102.00s_f003060_c1.wav,Trump,fake
data3/frames_cropped/Trump/Fframes/kS4aOZYO53c_54.00s_f003240_c0.jpg,data3/Trump/Fvids/kS4aOZYO53c.webm,54.0,data3/audio_clips/Trump/fake/kS4aOZYO53c_54.00s_f003240_c0.wav,Trump,fake
data3/frames_cropped/Trump/Fframes/ZyHVG8wEDyc_18.02s_f000540_c1.jpg,data3/Trump/Fvids/ZyHVG8wEDyc.mkv,18.02,data3/audio_clips/Trump/fake/ZyHVG8wEDyc_18.02s_f000540_c1.wav,Trump,fake
data3/frames_cropped/Trump/Fframes/kS4aOZYO53c_64.00s_f003840_c0.jpg,data3/Trump/Fvids/kS4aOZYO53c.webm,64.0,data3/audio_clips/Trump/fake/kS4aOZYO53c_64.00s_f003840_c0.wav,Trump,fake
data3/frames_cropped/Trump/Fframes/1909524535356817408_5.99s_f000180_c0.jpg,data3/Trump/Fvids/1909524535356817408.mp4,5.99,data3/audio_clips/Trump/fake/1909524535356817408_5.99s_f000180_c0.wav,Trump,fake
data3/frames_cropped/Trump/Fframes/lrRSWc84_aM_50.00s_f001250_c0.jpg,data3/Trump/Fvids/lrRSWc84_aM.mkv,50.0,data3/audio_clips/Trump/fake/lrRSWc84_aM_50.00s_f001250_c0.wav,Trump,fake
data3/frames_cropped/Trump/Fframes/1909256201289994240_20.00s_f001200_c0.jpg,data3/Trump/Fvids/1909256201289994240.mp4,20.0,data3/audio_clips/Trump/fake/1909256201289994240_20.00s_f001200_c0.wav,Trump,fake
data3/frames_cropped/Trump/Fframes/kS4aOZYO53c_4.00s_f000240_c0.jpg,data3/Trump/Fvids/kS4aOZYO53c.webm,4.0,data3/audio_clips/Trump/fake/kS4aOZYO53c_4.00s_f000240_c0.wav,Trump,fake
data3/frames_cropped/Trump/Fframes/lrRSWc84_aM_6.00s_f000150_c0.jpg,data3/Trump/Fvids/lrRSWc84_aM.mkv,6.0,data3/audio_clips/Trump/fake/lrRSWc84_aM_6.00s_f000150_c0.wav,Trump,fake
data3/frames_cropped/Trump/Fframes/lrRSWc84_aM_28.00s_f000700_c0.jpg,data3/Trump/Fvids/lrRSWc84_aM.mkv,28.0,data3/audio_clips/Trump/fake/lrRSWc84_aM_28.00s_f000700_c0.wav,Trump,fake
data3/frames_cropped/Trump/Fframes/kS4aOZYO53c_46.00s_f002760_c0.jpg,data3/Trump/Fvids/kS4aOZYO53c.webm,46.0,data3/audio_clips/Trump/fake/kS4aOZYO53c_46.00s_f002760_c0.wav,Trump,fake
data3/frames_cropped/Trump/Fframes/1909197769165643776_4.00s_f000120_c0.jpg,data3/Trump/Fvids/1909197769165643776.mp4,4.0,data3/audio_clips/Trump/fake/1909197769165643776_4.00s_f000120_c0.wav,Trump,fake
data3/frames_cropped/Trump/Fframes/1825869356967858177_126.00s_f003780_c0.jpg,data3/Trump/Fvids/1825869356967858177.mp4,126.0,data3/audio_clips/Trump/fake/1825869356967858177_126.00s_f003780_c0.wav,Trump,fake
data3/frames_cropped/Trump/Fframes/kS4aOZYO53c_2.00s_f000120_c0.jpg,data3/Trump/Fvids/kS4aOZYO53c.webm,2.0,data3/audio_clips/Trump/fake/kS4aOZYO53c_2.00s_f000120_c0.wav,Trump,fake
data3/frames_cropped/Trump/Fframes/kS4aOZYO53c_48.00s_f002880_c0.jpg,data3/Trump/Fvids/kS4aOZYO53c.webm,48.0,data3/audio_clips/Trump/fake/kS4aOZYO53c_48.00s_f002880_c0.wav,Trump,fake
data3/frames_cropped/Trump/Fframes/kS4aOZYO53c_8.00s_f000480_c0.jpg,data3/Trump/Fvids/kS4aOZYO53c.webm,8.0,data3/audio_clips/Trump/fake/kS4aOZYO53c_8.00s_f000480_c0.wav,Trump,fake
data3/frames_cropped/Trump/Fframes/kS4aOZYO53c_10.00s_f000600_c0.jpg,data3/Trump/Fvids/kS4aOZYO53c.webm,10.0,data3/audio_clips/Trump/fake/kS4aOZYO53c_10.00s_f000600_c0.wav,Trump,fake
data3/frames_cropped/Trump/Fframes/ZyHVG8wEDyc_22.02s_f000660_c1.jpg,data3/Trump/Fvids/ZyHVG8wEDyc.mkv,22.02,data3/audio_clips/Trump/fake/ZyHVG8wEDyc_22.02s_f000660_c1.wav,Trump,fake
data3/frames_cropped/Trump/Fframes/lrRSWc84_aM_10.00s_f000250_c0.jpg,data3/Trump/Fvids/lrRSWc84_aM.mkv,10.0,data3/audio_clips/Trump/fake/lrRSWc84_aM_10.00s_f000250_c0.wav,Trump,fake
data3/frames_cropped/Trump/Fframes/lrRSWc84_aM_42.00s_f001050_c0.jpg,data3/Trump/Fvids/lrRSWc84_aM.mkv,42.0,data3/audio_clips/Trump/fake/lrRSWc84_aM_42.00s_f001050_c0.wav,Trump,fake
data3/frames_cropped/Trump/Fframes/1825869356967858177_24.00s_f000720_c0.jpg,data3/Trump/Fvids/1825869356967858177.mp4,24.0,data3/audio_clips/Trump/fake/1825869356967858177_24.00s_f000720_c0.wav,Trump,fake
data3/frames_cropped/Trump/Fframes/1825869356967858177_144.00s_f004320_c0.jpg,data3/Trump/Fvids/1825869356967858177.mp4,144.0,data3/audio_clips/Trump/fake/1825869356967858177_144.00s_f004320_c0.wav,Trump,fake
data3/frames_cropped/Trump/Fframes/kS4aOZYO53c_16.00s_f000960_c0.jpg,data3/Trump/Fvids/kS4aOZYO53c.webm,16.0,data3/audio_clips/Trump/fake/kS4aOZYO53c_16.00s_f000960_c0.wav,Trump,fake
data3/frames_cropped/Trump/Fframes/kS4aOZYO53c_40.00s_f002400_c0.jpg,data3/Trump/Fvids/kS4aOZYO53c.webm,40.0,data3/audio_clips/Trump/fake/kS4aOZYO53c_40.00s_f002400_c0.wav,Trump,fake
data3/frames_cropped/Trump/Fframes/lrRSWc84_aM_8.00s_f000200_c0.jpg,data3/Trump/Fvids/lrRSWc84_aM.mkv,8.0,data3/audio_clips/Trump/fake/lrRSWc84_aM_8.00s_f000200_c0.wav,Trump,fake
data3/frames_cropped/Trump/Fframes/lrRSWc84_aM_32.00s_f000800_c0.jpg,data3/Trump/Fvids/lrRSWc84_aM.mkv,32.0,data3/audio_clips/Trump/fake/lrRSWc84_aM_32.00s_f000800_c0.wav,Trump,fake
data3/frames_cropped/Trump/Fframes/1909524535356817408_9.99s_f000300_c0.jpg,data3/Trump/Fvids/1909524535356817408.mp4,9.99,data3/audio_clips/Trump/fake/1909524535356817408_9.99s_f000300_c0.wav,Trump,fake
data3/frames_cropped/Trump/Fframes/lrRSWc84_aM_40.00s_f001000_c0.jpg,data3/Trump/Fvids/lrRSWc84_aM.mkv,40.0,data3/audio_clips/Trump/fake/lrRSWc84_aM_40.00s_f001000_c0.wav,Trump,fake
data3/frames_cropped/Trump/Fframes/lrRSWc84_aM_12.00s_f000300_c0.jpg,data3/Trump/Fvids/lrRSWc84_aM.mkv,12.0,data3/audio_clips/Trump/fake/lrRSWc84_aM_12.00s_f000300_c0.wav,Trump,fake
data3/frames_cropped/Trump/Fframes/1909197769165643776_14.01s_f000420_c0.jpg,data3/Trump/Fvids/1909197769165643776.mp4,14.01,data3/audio_clips/Trump/fake/1909197769165643776_14.01s_f000420_c0.wav,Trump,fake
data3/frames_cropped/Trump/Fframes/lrRSWc84_aM_18.00s_f000450_c0.jpg,data3/Trump/Fvids/lrRSWc84_aM.mkv,18.0,data3/audio_clips/Trump/fake/lrRSWc84_aM_18.00s_f000450_c0.wav,Trump,fake
data3/frames_cropped/Trump/Fframes/kS4aOZYO53c_32.00s_f001920_c0.jpg,data3/Trump/Fvids/kS4aOZYO53c.webm,32.0,data3/audio_clips/Trump/fake/kS4aOZYO53c_32.00s_f001920_c0.wav,Trump,fake
data3/frames_cropped/Trump/Fframes/kS4aOZYO53c_38.00s_f002280_c0.jpg,data3/Trump/Fvids/kS4aOZYO53c.webm,38.0,data3/audio_clips/Trump/fake/kS4aOZYO53c_38.00s_f002280_c0.wav,Trump,fake
data3/frames_cropped/Trump/Fframes/kS4aOZYO53c_36.00s_f002160_c0.jpg,data3/Trump/Fvids/kS4aOZYO53c.webm,36.0,data3/audio_clips/Trump/fake/kS4aOZYO53c_36.00s_f002160_c0.wav,Trump,fake
data3/frames_cropped/Trump/Fframes/kS4aOZYO53c_58.00s_f003480_c0.jpg,data3/Trump/Fvids/kS4aOZYO53c.webm,58.0,data3/audio_clips/Trump/fake/kS4aOZYO53c_58.00s_f003480_c0.wav,Trump,fake
data3/frames_cropped/Trump/Fframes/kS4aOZYO53c_22.00s_f001320_c0.jpg,data3/Trump/Fvids/kS4aOZYO53c.webm,22.0,data3/audio_clips/Trump/fake/kS4aOZYO53c_22.00s_f001320_c0.wav,Trump,fake
data3/frames_cropped/Trump/Fframes/kS4aOZYO53c_26.00s_f001560_c0.jpg,data3/Trump/Fvids/kS4aOZYO53c.webm,26.0,data3/audio_clips/Trump/fake/kS4aOZYO53c_26.00s_f001560_c0.wav,Trump,fake
data3/frames_cropped/Trump/Fframes/kS4aOZYO53c_28.00s_f001680_c0.jpg,data3/Trump/Fvids/kS4aOZYO53c.webm,28.0,data3/audio_clips/Trump/fake/kS4aOZYO53c_28.00s_f001680_c0.wav,Trump,fake
data3/frames_cropped/Trump/Fframes/kS4aOZYO53c_52.00s_f003120_c0.jpg,data3/Trump/Fvids/kS4aOZYO53c.webm,52.0,data3/audio_clips/Trump/fake/kS4aOZYO53c_52.00s_f003120_c0.wav,Trump,fake
