frame_path,video_path,timestamp_s,audio_path,candidate,label,fake_score
data3/frames_cropped/Biden/Rframes/DuX4K4eeTz8_16.02s_f000384_c0.jpg,data3/Biden/Rvids/DuX4K4eeTz8.mkv,16.02,data3/audio_clips/Biden/real/DuX4K4eeTz8_16.02s_f000384_c0.wav,Biden,real,0.14847026765346527
data3/frames_cropped/Biden/Rframes/9X3wERiaoHI_34.03s_f001020_c0.jpg,data3/Biden/Rvids/9X3wERiaoHI.mkv,34.03,data3/audio_clips/Biden/real/9X3wERiaoHI_34.03s_f001020_c0.wav,Biden,real,0.08307364583015442
data3/frames_cropped/Biden/Rframes/-rnXhwCnaIc_130.00s_f003250_c0.jpg,data3/Biden/Rvids/-rnXhwCnaIc.webm,130.0,data3/audio_clips/Biden/real/-rnXhwCnaIc_130.00s_f003250_c0.wav,Biden,real,0.1654556840658188
data3/frames_cropped/Biden/Rframes/0WGDsrRUsTc_32.03s_f000960_c0.jpg,data3/Biden/Rvids/0WGDsrRUsTc.webm,32.03,data3/audio_clips/Biden/real/0WGDsrRUsTc_32.03s_f000960_c0.wav,Biden,real,0.21579521894454956
data3/frames_cropped/Biden/Rframes/YKq93dpbd10_24.02s_f000720_c0.jpg,data3/Biden/Rvids/YKq93dpbd10.mp4,24.02,data3/audio_clips/Biden/real/YKq93dpbd10_24.02s_f000720_c0.wav,Biden,real,0.09944040328264236
data3/frames_cropped/Biden/Rframes/DuX4K4eeTz8_12.01s_f000288_c0.jpg,data3/Biden/Rvids/DuX4K4eeTz8.mkv,12.01,data3/audio_clips/Biden/real/DuX4K4eeTz8_12.01s_f000288_c0.wav,Biden,real,0.15457198023796082
data3/frames_cropped/Biden/Rframes/_59agcnLAj4_18.00s_f000450_c0.jpg,data3/Biden/Rvids/_59agcnLAj4.webm,18.0,data3/audio_clips/Biden/real/_59agcnLAj4_18.00s_f000450_c0.wav,Biden,real,0.2960543930530548
data3/frames_cropped/Biden/Rframes/YKq93dpbd10_32.03s_f000960_c0.jpg,data3/Biden/Rvids/YKq93dpbd10.mp4,32.03,data3/audio_clips/Biden/real/YKq93dpbd10_32.03s_f000960_c0.wav,Biden,real,0.2635992467403412
data3/frames_cropped/Biden/Rframes/m2ay8kViOyQ_30.03s_f000720_c0.jpg,data3/Biden/Rvids/m2ay8kViOyQ.webm,30.03,data3/audio_clips/Biden/real/m2ay8kViOyQ_30.03s_f000720_c0.wav,Biden,real,0.1426272988319397
data3/frames_cropped/Biden/Rframes/-rnXhwCnaIc_132.00s_f003300_c0.jpg,data3/Biden/Rvids/-rnXhwCnaIc.webm,132.0,data3/audio_clips/Biden/real/-rnXhwCnaIc_132.00s_f003300_c0.wav,Biden,real,0.1176941841840744
data3/frames_cropped/Biden/Rframes/0WGDsrRUsTc_16.02s_f000480_c0.jpg,data3/Biden/Rvids/0WGDsrRUsTc.webm,16.02,data3/audio_clips/Biden/real/0WGDsrRUsTc_16.02s_f000480_c0.wav,Biden,real,0.1531875878572464
data3/frames_cropped/Biden/Rframes/9X3wERiaoHI_30.03s_f000900_c0.jpg,data3/Biden/Rvids/9X3wERiaoHI.mkv,30.03,data3/audio_clips/Biden/real/9X3wERiaoHI_30.03s_f000900_c0.wav,Biden,real,0.0716853216290474
data3/frames_cropped/Biden/Rframes/-rnXhwCnaIc_138.00s_f003450_c0.jpg,data3/Biden/Rvids/-rnXhwCnaIc.webm,138.0,data3/audio_clips/Biden/real/-rnXhwCnaIc_138.00s_f003450_c0.wav,Biden,real,0.0866028293967247
data3/frames_cropped/Biden/Rframes/X0Q-aQ22HOk_24.02s_f000720_c0.jpg,data3/Biden/Rvids/X0Q-aQ22HOk.webm,24.02,data3/audio_clips/Biden/real/X0Q-aQ22HOk_24.02s_f000720_c0.wav,Biden,real,0.3080850839614868
data3/frames_cropped/Biden/Rframes/YKq93dpbd10_16.02s_f000480_c0.jpg,data3/Biden/Rvids/YKq93dpbd10.mp4,16.02,data3/audio_clips/Biden/real/YKq93dpbd10_16.02s_f000480_c0.wav,Biden,real,0.22461266815662384
data3/frames_cropped/Biden/Rframes/dBL4ujJ4dBo_0.00s_f000000_c0.jpg,data3/Biden/Rvids/dBL4ujJ4dBo.mkv,0.0,data3/audio_clips/Biden/real/dBL4ujJ4dBo_0.00s_f000000_c0.wav,Biden,real,0.3711801767349243
data3/frames_cropped/Biden/Rframes/DuX4K4eeTz8_14.01s_f000336_c0.jpg,data3/Biden/Rvids/DuX4K4eeTz8.mkv,14.01,data3/audio_clips/Biden/real/DuX4K4eeTz8_14.01s_f000336_c0.wav,Biden,real,0.08085551857948303
data3/frames_cropped/Biden/Rframes/DuX4K4eeTz8_4.00s_f000096_c0.jpg,data3/Biden/Rvids/DuX4K4eeTz8.mkv,4.0,data3/audio_clips/Biden/real/DuX4K4eeTz8_4.00s_f000096_c0.wav,Biden,real,0.11281245946884155
data3/frames_cropped/Biden/Rframes/A0NOHae0O4E_4.00s_f000120_c0.jpg,data3/Biden/Rvids/A0NOHae0O4E.webm,4.0,data3/audio_clips/Biden/real/A0NOHae0O4E_4.00s_f000120_c0.wav,Biden,real,0.1558113992214203
data3/frames_cropped/Biden/Rframes/X0Q-aQ22HOk_30.03s_f000900_c0.jpg,data3/Biden/Rvids/X0Q-aQ22HOk.webm,30.03,data3/audio_clips/Biden/real/X0Q-aQ22HOk_30.03s_f000900_c0.wav,Biden,real,0.34316524863243103
data3/frames_cropped/Biden/Rframes/_59agcnLAj4_28.00s_f000700_c0.jpg,data3/Biden/Rvids/_59agcnLAj4.webm,28.0,data3/audio_clips/Biden/real/_59agcnLAj4_28.00s_f000700_c0.wav,Biden,real,0.28989607095718384
data3/frames_cropped/Biden/Rframes/m2ay8kViOyQ_22.02s_f000528_c0.jpg,data3/Biden/Rvids/m2ay8kViOyQ.webm,22.02,data3/audio_clips/Biden/real/m2ay8kViOyQ_22.02s_f000528_c0.wav,Biden,real,0.13628795742988586
data3/frames_cropped/Biden/Rframes/X0Q-aQ22HOk_4.00s_f000120_c0.jpg,data3/Biden/Rvids/X0Q-aQ22HOk.webm,4.0,data3/audio_clips/Biden/real/X0Q-aQ22HOk_4.00s_f000120_c0.wav,Biden,real,0.26565831899642944
data3/frames_cropped/Biden/Rframes/dBL4ujJ4dBo_20.02s_f000600_c0.jpg,data3/Biden/Rvids/dBL4ujJ4dBo.mkv,20.02,data3/audio_clips/Biden/real/dBL4ujJ4dBo_20.02s_f000600_c0.wav,Biden,real,0.4523336589336395
data3/frames_cropped/Biden/Rframes/9X3wERiaoHI_24.02s_f000720_c0.jpg,data3/Biden/Rvids/9X3wERiaoHI.mkv,24.02,data3/audio_clips/Biden/real/9X3wERiaoHI_24.02s_f000720_c0.wav,Biden,real,0.30132541060447693
data3/frames_cropped/Biden/Rframes/A0NOHae0O4E_28.03s_f000840_c0.jpg,data3/Biden/Rvids/A0NOHae0O4E.webm,28.03,data3/audio_clips/Biden/real/A0NOHae0O4E_28.03s_f000840_c0.wav,Biden,real,0.14111492037773132
data3/frames_cropped/Biden/Rframes/9X3wERiaoHI_14.01s_f000420_c0.jpg,data3/Biden/Rvids/9X3wERiaoHI.mkv,14.01,data3/audio_clips/Biden/real/9X3wERiaoHI_14.01s_f000420_c0.wav,Biden,real,0.14718258380889893
data3/frames_cropped/Biden/Rframes/0WGDsrRUsTc_34.03s_f001020_c0.jpg,data3/Biden/Rvids/0WGDsrRUsTc.webm,34.03,data3/audio_clips/Biden/real/0WGDsrRUsTc_34.03s_f001020_c0.wav,Biden,real,0.3633861839771271
data3/frames_cropped/Biden/Rframes/m2ay8kViOyQ_26.02s_f000624_c0.jpg,data3/Biden/Rvids/m2ay8kViOyQ.webm,26.02,data3/audio_clips/Biden/real/m2ay8kViOyQ_26.02s_f000624_c0.wav,Biden,real,0.16427528858184814
data3/frames_cropped/Biden/Rframes/-rnXhwCnaIc_34.00s_f000850_c0.jpg,data3/Biden/Rvids/-rnXhwCnaIc.webm,34.0,data3/audio_clips/Biden/real/-rnXhwCnaIc_34.00s_f000850_c0.wav,Biden,real,0.1466427445411682
data3/frames_cropped/Biden/Rframes/9X3wERiaoHI_32.03s_f000960_c0.jpg,data3/Biden/Rvids/9X3wERiaoHI.mkv,32.03,data3/audio_clips/Biden/real/9X3wERiaoHI_32.03s_f000960_c0.wav,Biden,real,0.09031273424625397
data3/frames_cropped/Biden/Rframes/DuX4K4eeTz8_10.01s_f000240_c0.jpg,data3/Biden/Rvids/DuX4K4eeTz8.mkv,10.01,data3/audio_clips/Biden/real/DuX4K4eeTz8_10.01s_f000240_c0.wav,Biden,real,0.12156915664672852
data3/frames_cropped/Biden/Rframes/A0NOHae0O4E_26.03s_f000780_c0.jpg,data3/Biden/Rvids/A0NOHae0O4E.webm,26.03,data3/audio_clips/Biden/real/A0NOHae0O4E_26.03s_f000780_c0.wav,Biden,real,0.11423861980438232
data3/frames_cropped/Biden/Rframes/DuX4K4eeTz8_6.01s_f000144_c0.jpg,data3/Biden/Rvids/DuX4K4eeTz8.mkv,6.01,data3/audio_clips/Biden/real/DuX4K4eeTz8_6.01s_f000144_c0.wav,Biden,real,0.18807241320610046
data3/frames_cropped/Biden/Rframes/DuX4K4eeTz8_20.02s_f000480_c0.jpg,data3/Biden/Rvids/DuX4K4eeTz8.mkv,20.02,data3/audio_clips/Biden/real/DuX4K4eeTz8_20.02s_f000480_c0.wav,Biden,real,0.11654889583587646
data3/frames_cropped/Biden/Rframes/YKq93dpbd10_30.03s_f000900_c0.jpg,data3/Biden/Rvids/YKq93dpbd10.mp4,30.03,data3/audio_clips/Biden/real/YKq93dpbd10_30.03s_f000900_c0.wav,Biden,real,0.14764320850372314
data3/frames_cropped/Biden/Rframes/dBL4ujJ4dBo_28.03s_f000840_c0.jpg,data3/Biden/Rvids/dBL4ujJ4dBo.mkv,28.03,data3/audio_clips/Biden/real/dBL4ujJ4dBo_28.03s_f000840_c0.wav,Biden,real,0.3802603483200073
data3/frames_cropped/Biden/Rframes/9X3wERiaoHI_16.02s_f000480_c0.jpg,data3/Biden/Rvids/9X3wERiaoHI.mkv,16.02,data3/audio_clips/Biden/real/9X3wERiaoHI_16.02s_f000480_c0.wav,Biden,real,0.08803447335958481
data3/frames_cropped/Biden/Rframes/DuX4K4eeTz8_18.02s_f000432_c0.jpg,data3/Biden/Rvids/DuX4K4eeTz8.mkv,18.02,data3/audio_clips/Biden/real/DuX4K4eeTz8_18.02s_f000432_c0.wav,Biden,real,0.1209472119808197
data3/frames_cropped/Biden/Rframes/m2ay8kViOyQ_16.01s_f000384_c0.jpg,data3/Biden/Rvids/m2ay8kViOyQ.webm,16.01,data3/audio_clips/Biden/real/m2ay8kViOyQ_16.01s_f000384_c0.wav,Biden,real,0.0722726359963417
data3/frames_cropped/Biden/Rframes/0WGDsrRUsTc_30.03s_f000900_c0.jpg,data3/Biden/Rvids/0WGDsrRUsTc.webm,30.03,data3/audio_clips/Biden/real/0WGDsrRUsTc_30.03s_f000900_c0.wav,Biden,real,0.21271048486232758
data3/frames_cropped/Biden/Rframes/dBL4ujJ4dBo_26.03s_f000780_c0.jpg,data3/Biden/Rvids/dBL4ujJ4dBo.mkv,26.03,data3/audio_clips/Biden/real/dBL4ujJ4dBo_26.03s_f000780_c0.wav,Biden,real,0.4029789865016937
data3/frames_cropped/Biden/Rframes/A0NOHae0O4E_2.00s_f000060_c0.jpg,data3/Biden/Rvids/A0NOHae0O4E.webm,2.0,data3/audio_clips/Biden/real/A0NOHae0O4E_2.00s_f000060_c0.wav,Biden,real,0.149227112531662
data3/frames_cropped/Biden/Rframes/_59agcnLAj4_26.00s_f000650_c0.jpg,data3/Biden/Rvids/_59agcnLAj4.webm,26.0,data3/audio_clips/Biden/real/_59agcnLAj4_26.00s_f000650_c0.wav,Biden,real,0.38497844338417053
data3/frames_cropped/Biden/Rframes/dBL4ujJ4dBo_14.01s_f000420_c0.jpg,data3/Biden/Rvids/dBL4ujJ4dBo.mkv,14.01,data3/audio_clips/Biden/real/dBL4ujJ4dBo_14.01s_f000420_c0.wav,Biden,real,0.1743176281452179
data3/frames_cropped/Biden/Rframes/dBL4ujJ4dBo_24.02s_f000720_c0.jpg,data3/Biden/Rvids/dBL4ujJ4dBo.mkv,24.02,data3/audio_clips/Biden/real/dBL4ujJ4dBo_24.02s_f000720_c0.wav,Biden,real,0.25378328561782837
data3/frames_cropped/Biden/Rframes/-rnXhwCnaIc_142.00s_f003550_c0.jpg,data3/Biden/Rvids/-rnXhwCnaIc.webm,142.0,data3/audio_clips/Biden/real/-rnXhwCnaIc_142.00s_f003550_c0.wav,Biden,real,0.10009237378835678
data3/frames_cropped/Biden/Rframes/9X3wERiaoHI_20.02s_f000600_c0.jpg,data3/Biden/Rvids/9X3wERiaoHI.mkv,20.02,data3/audio_clips/Biden/real/9X3wERiaoHI_20.02s_f000600_c0.wav,Biden,real,0.07764910161495209
data3/frames_cropped/Biden/Rframes/9X3wERiaoHI_12.01s_f000360_c0.jpg,data3/Biden/Rvids/9X3wERiaoHI.mkv,12.01,data3/audio_clips/Biden/real/9X3wERiaoHI_12.01s_f000360_c0.wav,Biden,real,0.0915837287902832
data3/frames_cropped/Biden/Rframes/_59agcnLAj4_22.00s_f000550_c0.jpg,data3/Biden/Rvids/_59agcnLAj4.webm,22.0,data3/audio_clips/Biden/real/_59agcnLAj4_22.00s_f000550_c0.wav,Biden,real,0.3798711597919464
data3/frames_cropped/Biden/Rframes/X0Q-aQ22HOk_22.02s_f000660_c0.jpg,data3/Biden/Rvids/X0Q-aQ22HOk.webm,22.02,data3/audio_clips/Biden/real/X0Q-aQ22HOk_22.02s_f000660_c0.wav,Biden,real,0.2871527671813965
data3/frames_cropped/Biden/Rframes/DuX4K4eeTz8_22.02s_f000528_c0.jpg,data3/Biden/Rvids/DuX4K4eeTz8.mkv,22.02,data3/audio_clips/Biden/real/DuX4K4eeTz8_22.02s_f000528_c0.wav,Biden,real,0.121113620698452
data3/frames_cropped/Biden/Rframes/0WGDsrRUsTc_22.02s_f000660_c0.jpg,data3/Biden/Rvids/0WGDsrRUsTc.webm,22.02,data3/audio_clips/Biden/real/0WGDsrRUsTc_22.02s_f000660_c0.wav,Biden,real,0.15941424667835236
data3/frames_cropped/Biden/Rframes/-rnXhwCnaIc_140.00s_f003500_c0.jpg,data3/Biden/Rvids/-rnXhwCnaIc.webm,140.0,data3/audio_clips/Biden/real/-rnXhwCnaIc_140.00s_f003500_c0.wav,Biden,real,0.10416392236948013
data3/frames_cropped/Biden/Rframes/9X3wERiaoHI_18.02s_f000540_c0.jpg,data3/Biden/Rvids/9X3wERiaoHI.mkv,18.02,data3/audio_clips/Biden/real/9X3wERiaoHI_18.02s_f000540_c0.wav,Biden,real,0.07548247277736664
data3/frames_cropped/Biden/Rframes/_59agcnLAj4_24.00s_f000600_c0.jpg,data3/Biden/Rvids/_59agcnLAj4.webm,24.0,data3/audio_clips/Biden/real/_59agcnLAj4_24.00s_f000600_c0.wav,Biden,real,0.3410581648349762
data3/frames_cropped/Biden/Rframes/9X3wERiaoHI_28.03s_f000840_c0.jpg,data3/Biden/Rvids/9X3wERiaoHI.mkv,28.03,data3/audio_clips/Biden/real/9X3wERiaoHI_28.03s_f000840_c0.wav,Biden,real,0.06824492663145065
data3/frames_cropped/Biden/Rframes/9X3wERiaoHI_36.04s_f001080_c0.jpg,data3/Biden/Rvids/9X3wERiaoHI.mkv,36.04,data3/audio_clips/Biden/real/9X3wERiaoHI_36.04s_f001080_c0.wav,Biden,real,0.08249820023775101
data3/frames_cropped/Biden/Rframes/m2ay8kViOyQ_18.02s_f000432_c0.jpg,data3/Biden/Rvids/m2ay8kViOyQ.webm,18.02,data3/audio_clips/Biden/real/m2ay8kViOyQ_18.02s_f000432_c0.wav,Biden,real,0.07384836673736572
data3/frames_cropped/Biden/Rframes/-rnXhwCnaIc_134.00s_f003350_c0.jpg,data3/Biden/Rvids/-rnXhwCnaIc.webm,134.0,data3/audio_clips/Biden/real/-rnXhwCnaIc_134.00s_f003350_c0.wav,Biden,real,0.11161216348409653
data3/frames_cropped/Biden/Rframes/X0Q-aQ22HOk_6.01s_f000180_c0.jpg,data3/Biden/Rvids/X0Q-aQ22HOk.webm,6.01,data3/audio_clips/Biden/real/X0Q-aQ22HOk_6.01s_f000180_c0.wav,Biden,real,0.28870445489883423
data3/frames_cropped/Biden/Rframes/YKq93dpbd10_22.02s_f000660_c0.jpg,data3/Biden/Rvids/YKq93dpbd10.mp4,22.02,data3/audio_clips/Biden/real/YKq93dpbd10_22.02s_f000660_c0.wav,Biden,real,0.11729680746793747
data3/frames_cropped/Biden/Rframes/dBL4ujJ4dBo_16.02s_f000480_c0.jpg,data3/Biden/Rvids/dBL4ujJ4dBo.mkv,16.02,data3/audio_clips/Biden/real/dBL4ujJ4dBo_16.02s_f000480_c0.wav,Biden,real,0.424283891916275
data3/frames_cropped/Biden/Rframes/-rnXhwCnaIc_128.00s_f003200_c0.jpg,data3/Biden/Rvids/-rnXhwCnaIc.webm,128.0,data3/audio_clips/Biden/real/-rnXhwCnaIc_128.00s_f003200_c0.wav,Biden,real,0.09977211058139801
data3/frames_cropped/Biden/Rframes/9X3wERiaoHI_26.03s_f000780_c0.jpg,data3/Biden/Rvids/9X3wERiaoHI.mkv,26.03,data3/audio_clips/Biden/real/9X3wERiaoHI_26.03s_f000780_c0.wav,Biden,real,0.09371180832386017
data3/frames_cropped/Biden/Rframes/X0Q-aQ22HOk_26.02s_f000780_c0.jpg,data3/Biden/Rvids/X0Q-aQ22HOk.webm,26.02,data3/audio_clips/Biden/real/X0Q-aQ22HOk_26.02s_f000780_c0.wav,Biden,real,0.3196395933628082
data3/frames_cropped/Biden/Rframes/A0NOHae0O4E_32.03s_f000960_c0.jpg,data3/Biden/Rvids/A0NOHae0O4E.webm,32.03,data3/audio_clips/Biden/real/A0NOHae0O4E_32.03s_f000960_c0.wav,Biden,real,0.09533166140317917
data3/frames_cropped/Biden/Rframes/_59agcnLAj4_20.00s_f000500_c0.jpg,data3/Biden/Rvids/_59agcnLAj4.webm,20.0,data3/audio_clips/Biden/real/_59agcnLAj4_20.00s_f000500_c0.wav,Biden,real,0.3358340859413147
data3/frames_cropped/Biden/Rframes/X0Q-aQ22HOk_18.02s_f000540_c0.jpg,data3/Biden/Rvids/X0Q-aQ22HOk.webm,18.02,data3/audio_clips/Biden/real/X0Q-aQ22HOk_18.02s_f000540_c0.wav,Biden,real,0.38122692704200745
data3/frames_cropped/Biden/Rframes/dBL4ujJ4dBo_34.03s_f001020_c0.jpg,data3/Biden/Rvids/dBL4ujJ4dBo.mkv,34.03,data3/audio_clips/Biden/real/dBL4ujJ4dBo_34.03s_f001020_c0.wav,Biden,real,0.17607861757278442
data3/frames_cropped/Biden/Rframes/A0NOHae0O4E_30.03s_f000900_c0.jpg,data3/Biden/Rvids/A0NOHae0O4E.webm,30.03,data3/audio_clips/Biden/real/A0NOHae0O4E_30.03s_f000900_c0.wav,Biden,real,0.10796995460987091
data3/frames_cropped/Biden/Rframes/-rnXhwCnaIc_126.00s_f003150_c0.jpg,data3/Biden/Rvids/-rnXhwCnaIc.webm,126.0,data3/audio_clips/Biden/real/-rnXhwCnaIc_126.00s_f003150_c0.wav,Biden,real,0.1239522248506546
data3/frames_cropped/Biden/Rframes/A0NOHae0O4E_6.01s_f000180_c0.jpg,data3/Biden/Rvids/A0NOHae0O4E.webm,6.01,data3/audio_clips/Biden/real/A0NOHae0O4E_6.01s_f000180_c0.wav,Biden,real,0.2075197696685791
data3/frames_cropped/Biden/Rframes/X0Q-aQ22HOk_28.03s_f000840_c0.jpg,data3/Biden/Rvids/X0Q-aQ22HOk.webm,28.03,data3/audio_clips/Biden/real/X0Q-aQ22HOk_28.03s_f000840_c0.wav,Biden,real,0.2894766330718994
data3/frames_cropped/Biden/Rframes/m2ay8kViOyQ_28.02s_f000672_c0.jpg,data3/Biden/Rvids/m2ay8kViOyQ.webm,28.02,data3/audio_clips/Biden/real/m2ay8kViOyQ_28.02s_f000672_c0.wav,Biden,real,0.12037215381860733
data3/frames_cropped/Biden/Rframes/YKq93dpbd10_20.02s_f000600_c0.jpg,data3/Biden/Rvids/YKq93dpbd10.mp4,20.02,data3/audio_clips/Biden/real/YKq93dpbd10_20.02s_f000600_c0.wav,Biden,real,0.30745694041252136
data3/frames_cropped/Biden/Rframes/m2ay8kViOyQ_12.01s_f000288_c0.jpg,data3/Biden/Rvids/m2ay8kViOyQ.webm,12.01,data3/audio_clips/Biden/real/m2ay8kViOyQ_12.01s_f000288_c0.wav,Biden,real,0.09939045459032059
data3/frames_cropped/Biden/Rframes/0WGDsrRUsTc_20.02s_f000600_c0.jpg,data3/Biden/Rvids/0WGDsrRUsTc.webm,20.02,data3/audio_clips/Biden/real/0WGDsrRUsTc_20.02s_f000600_c0.wav,Biden,real,0.16496284306049347
data3/frames_cropped/Biden/Rframes/DuX4K4eeTz8_8.01s_f000192_c0.jpg,data3/Biden/Rvids/DuX4K4eeTz8.mkv,8.01,data3/audio_clips/Biden/real/DuX4K4eeTz8_8.01s_f000192_c0.wav,Biden,real,0.21955852210521698
data3/frames_cropped/Biden/Rframes/dBL4ujJ4dBo_30.03s_f000900_c0.jpg,data3/Biden/Rvids/dBL4ujJ4dBo.mkv,30.03,data3/audio_clips/Biden/real/dBL4ujJ4dBo_30.03s_f000900_c0.wav,Biden,real,0.41302233934402466
data3/frames_cropped/Biden/Rframes/A0NOHae0O4E_34.03s_f001020_c0.jpg,data3/Biden/Rvids/A0NOHae0O4E.webm,34.03,data3/audio_clips/Biden/real/A0NOHae0O4E_34.03s_f001020_c0.wav,Biden,real,0.14160943031311035
data3/frames_cropped/Biden/Rframes/m2ay8kViOyQ_14.01s_f000336_c0.jpg,data3/Biden/Rvids/m2ay8kViOyQ.webm,14.01,data3/audio_clips/Biden/real/m2ay8kViOyQ_14.01s_f000336_c0.wav,Biden,real,0.17322967946529388
data3/frames_cropped/Biden/Rframes/YKq93dpbd10_18.02s_f000540_c0.jpg,data3/Biden/Rvids/YKq93dpbd10.mp4,18.02,data3/audio_clips/Biden/real/YKq93dpbd10_18.02s_f000540_c0.wav,Biden,real,0.2800385653972626
data3/frames_cropped/Biden/Rframes/-rnXhwCnaIc_136.00s_f003400_c0.jpg,data3/Biden/Rvids/-rnXhwCnaIc.webm,136.0,data3/audio_clips/Biden/real/-rnXhwCnaIc_136.00s_f003400_c0.wav,Biden,real,0.11046316474676132
data3/frames_cropped/Biden/Rframes/YKq93dpbd10_28.03s_f000840_c0.jpg,data3/Biden/Rvids/YKq93dpbd10.mp4,28.03,data3/audio_clips/Biden/real/YKq93dpbd10_28.03s_f000840_c0.wav,Biden,real,0.10559868067502975
data3/frames_cropped/Biden/Rframes/X0Q-aQ22HOk_20.02s_f000600_c0.jpg,data3/Biden/Rvids/X0Q-aQ22HOk.webm,20.02,data3/audio_clips/Biden/real/X0Q-aQ22HOk_20.02s_f000600_c0.wav,Biden,real,0.3054981231689453
data3/frames_cropped/Biden/Rframes/0WGDsrRUsTc_26.03s_f000780_c0.jpg,data3/Biden/Rvids/0WGDsrRUsTc.webm,26.03,data3/audio_clips/Biden/real/0WGDsrRUsTc_26.03s_f000780_c0.wav,Biden,real,0.24740982055664062
data3/frames_cropped/Biden/Rframes/9X3wERiaoHI_10.01s_f000300_c0.jpg,data3/Biden/Rvids/9X3wERiaoHI.mkv,10.01,data3/audio_clips/Biden/real/9X3wERiaoHI_10.01s_f000300_c0.wav,Biden,real,0.12075831741094589
data3/frames_cropped/Biden/Rframes/-rnXhwCnaIc_124.00s_f003100_c0.jpg,data3/Biden/Rvids/-rnXhwCnaIc.webm,124.0,data3/audio_clips/Biden/real/-rnXhwCnaIc_124.00s_f003100_c0.wav,Biden,real,0.1711631417274475
data3/frames_cropped/Biden/Rframes/-rnXhwCnaIc_10.00s_f000250_c0.jpg,data3/Biden/Rvids/-rnXhwCnaIc.webm,10.0,data3/audio_clips/Biden/real/-rnXhwCnaIc_10.00s_f000250_c0.wav,Biden,real,0.35142678022384644
data3/frames_cropped/Biden/Rframes/9X3wERiaoHI_22.02s_f000660_c0.jpg,data3/Biden/Rvids/9X3wERiaoHI.mkv,22.02,data3/audio_clips/Biden/real/9X3wERiaoHI_22.02s_f000660_c0.wav,Biden,real,0.08942974358797073
data3/frames_cropped/Biden/Rframes/0WGDsrRUsTc_18.02s_f000540_c0.jpg,data3/Biden/Rvids/0WGDsrRUsTc.webm,18.02,data3/audio_clips/Biden/real/0WGDsrRUsTc_18.02s_f000540_c0.wav,Biden,real,0.10193364322185516
data3/frames_cropped/Biden/Rframes/YKq93dpbd10_26.03s_f000780_c0.jpg,data3/Biden/Rvids/YKq93dpbd10.mp4,26.03,data3/audio_clips/Biden/real/YKq93dpbd10_26.03s_f000780_c0.wav,Biden,real,0.19419142603874207
data3/frames_cropped/Biden/Rframes/X0Q-aQ22HOk_2.00s_f000060_c0.jpg,data3/Biden/Rvids/X0Q-aQ22HOk.webm,2.0,data3/audio_clips/Biden/real/X0Q-aQ22HOk_2.00s_f000060_c0.wav,Biden,real,0.30473577976226807
data3/frames_cropped/Biden/Rframes/m2ay8kViOyQ_24.02s_f000576_c0.jpg,data3/Biden/Rvids/m2ay8kViOyQ.webm,24.02,data3/audio_clips/Biden/real/m2ay8kViOyQ_24.02s_f000576_c0.wav,Biden,real,0.20381641387939453
data3/frames_cropped/Biden/Rframes/0WGDsrRUsTc_28.03s_f000840_c0.jpg,data3/Biden/Rvids/0WGDsrRUsTc.webm,28.03,data3/audio_clips/Biden/real/0WGDsrRUsTc_28.03s_f000840_c0.wav,Biden,real,0.35146191716194153
data3/frames_cropped/Biden/Rframes/_59agcnLAj4_30.00s_f000750_c0.jpg,data3/Biden/Rvids/_59agcnLAj4.webm,30.0,data3/audio_clips/Biden/real/_59agcnLAj4_30.00s_f000750_c0.wav,Biden,real,0.4100904166698456
data3/frames_cropped/Biden/Rframes/A0NOHae0O4E_0.00s_f000000_c0.jpg,data3/Biden/Rvids/A0NOHae0O4E.webm,0.0,data3/audio_clips/Biden/real/A0NOHae0O4E_0.00s_f000000_c0.wav,Biden,real,0.2254423052072525
data3/frames_cropped/Biden/Fframes/0yJysodFCyY_68.07s_f001632_c0.jpg,data3/Biden/Fvids/0yJysodFCyY.mkv,68.07,data3/audio_clips/Biden/fake/0yJysodFCyY_68.07s_f001632_c0.wav,Biden,fake,0.2737506031990051
data3/frames_cropped/Biden/Fframes/0yJysodFCyY_70.07s_f001680_c0.jpg,data3/Biden/Fvids/0yJysodFCyY.mkv,70.07,data3/audio_clips/Biden/fake/0yJysodFCyY_70.07s_f001680_c0.wav,Biden,fake,0.3481801450252533
data3/frames_cropped/Biden/Fframes/6M1aIetjZOU_26.00s_f000780_c0.jpg,data3/Biden/Fvids/6M1aIetjZOU.webm,26.0,data3/audio_clips/Biden/fake/6M1aIetjZOU_26.00s_f000780_c0.wav,Biden,fake,0.09220127016305923
data3/frames_cropped/Biden/Fframes/yVEhrIMc-ps_24.02s_f000720_c0.jpg,data3/Biden/Fvids/yVEhrIMc-ps.webm,24.02,data3/audio_clips/Biden/fake/yVEhrIMc-ps_24.02s_f000720_c0.wav,Biden,fake,0.12320065498352051
data3/frames_cropped/Biden/Fframes/yVEhrIMc-ps_14.01s_f000420_c0.jpg,data3/Biden/Fvids/yVEhrIMc-ps.webm,14.01,data3/audio_clips/Biden/fake/yVEhrIMc-ps_14.01s_f000420_c0.wav,Biden,fake,0.15453968942165375
data3/frames_cropped/Biden/Fframes/yVEhrIMc-ps_8.01s_f000240_c0.jpg,data3/Biden/Fvids/yVEhrIMc-ps.webm,8.01,data3/audio_clips/Biden/fake/yVEhrIMc-ps_8.01s_f000240_c0.wav,Biden,fake,0.1408490240573883
data3/frames_cropped/Biden/Fframes/uzLncXuSIRQ_52.05s_f001560_c0.jpg,data3/Biden/Fvids/uzLncXuSIRQ.mkv,52.05,data3/audio_clips/Biden/fake/uzLncXuSIRQ_52.05s_f001560_c0.wav,Biden,fake,0.19094261527061462
data3/frames_cropped/Biden/Fframes/4MXZR2A5-GI_18.00s_f000450_c0.jpg,data3/Biden/Fvids/4MXZR2A5-GI.webm,18.0,data3/audio_clips/Biden/fake/4MXZR2A5-GI_18.00s_f000450_c0.wav,Biden,fake,0.3472425937652588
data3/frames_cropped/Biden/Fframes/uzLncXuSIRQ_6.01s_f000180_c0.jpg,data3/Biden/Fvids/uzLncXuSIRQ.mkv,6.01,data3/audio_clips/Biden/fake/uzLncXuSIRQ_6.01s_f000180_c0.wav,Biden,fake,0.22789797186851501
data3/frames_cropped/Biden/Fframes/6M1aIetjZOU_28.00s_f000840_c0.jpg,data3/Biden/Fvids/6M1aIetjZOU.webm,28.0,data3/audio_clips/Biden/fake/6M1aIetjZOU_28.00s_f000840_c0.wav,Biden,fake,0.07817672938108444
data3/frames_cropped/Biden/Fframes/4MXZR2A5-GI_12.00s_f000300_c0.jpg,data3/Biden/Fvids/4MXZR2A5-GI.webm,12.0,data3/audio_clips/Biden/fake/4MXZR2A5-GI_12.00s_f000300_c0.wav,Biden,fake,0.1575499176979065
data3/frames_cropped/Biden/Fframes/uzLncXuSIRQ_54.05s_f001620_c0.jpg,data3/Biden/Fvids/uzLncXuSIRQ.mkv,54.05,data3/audio_clips/Biden/fake/uzLncXuSIRQ_54.05s_f001620_c0.wav,Biden,fake,0.23864784836769104
data3/frames_cropped/Biden/Fframes/uzLncXuSIRQ_34.03s_f001020_c0.jpg,data3/Biden/Fvids/uzLncXuSIRQ.mkv,34.03,data3/audio_clips/Biden/fake/uzLncXuSIRQ_34.03s_f001020_c0.wav,Biden,fake,0.17387381196022034
data3/frames_cropped/Biden/Fframes/uzLncXuSIRQ_42.04s_f001260_c0.jpg,data3/Biden/Fvids/uzLncXuSIRQ.mkv,42.04,data3/audio_clips/Biden/fake/uzLncXuSIRQ_42.04s_f001260_c0.wav,Biden,fake,0.1723012775182724
data3/frames_cropped/Biden/Fframes/yVEhrIMc-ps_2.00s_f000060_c0.jpg,data3/Biden/Fvids/yVEhrIMc-ps.webm,2.0,data3/audio_clips/Biden/fake/yVEhrIMc-ps_2.00s_f000060_c0.wav,Biden,fake,0.10932443290948868
data3/frames_cropped/Biden/Fframes/0TjTXD7Opxk_18.00s_f000540_c0.jpg,data3/Biden/Fvids/0TjTXD7Opxk.webm,18.0,data3/audio_clips/Biden/fake/0TjTXD7Opxk_18.00s_f000540_c0.wav,Biden,fake,0.7663000226020813
data3/frames_cropped/Biden/Fframes/uzLncXuSIRQ_56.06s_f001680_c0.jpg,data3/Biden/Fvids/uzLncXuSIRQ.mkv,56.06,data3/audio_clips/Biden/fake/uzLncXuSIRQ_56.06s_f001680_c0.wav,Biden,fake,0.17906007170677185
data3/frames_cropped/Biden/Fframes/uzLncXuSIRQ_0.00s_f000000_c0.jpg,data3/Biden/Fvids/uzLncXuSIRQ.mkv,0.0,data3/audio_clips/Biden/fake/uzLncXuSIRQ_0.00s_f000000_c0.wav,Biden,fake,0.2792326509952545
data3/frames_cropped/Biden/Fframes/6M1aIetjZOU_36.00s_f001080_c0.jpg,data3/Biden/Fvids/6M1aIetjZOU.webm,36.0,data3/audio_clips/Biden/fake/6M1aIetjZOU_36.00s_f001080_c0.wav,Biden,fake,0.08514636009931564
data3/frames_cropped/Biden/Fframes/yVEhrIMc-ps_16.02s_f000480_c0.jpg,data3/Biden/Fvids/yVEhrIMc-ps.webm,16.02,data3/audio_clips/Biden/fake/yVEhrIMc-ps_16.02s_f000480_c0.wav,Biden,fake,0.13026152551174164
data3/frames_cropped/Biden/Fframes/0yJysodFCyY_60.06s_f001440_c0.jpg,data3/Biden/Fvids/0yJysodFCyY.mkv,60.06,data3/audio_clips/Biden/fake/0yJysodFCyY_60.06s_f001440_c0.wav,Biden,fake,0.22258590161800385
data3/frames_cropped/Biden/Fframes/6M1aIetjZOU_44.00s_f001320_c0.jpg,data3/Biden/Fvids/6M1aIetjZOU.webm,44.0,data3/audio_clips/Biden/fake/6M1aIetjZOU_44.00s_f001320_c0.wav,Biden,fake,0.11904553323984146
data3/frames_cropped/Biden/Fframes/4MXZR2A5-GI_10.00s_f000250_c0.jpg,data3/Biden/Fvids/4MXZR2A5-GI.webm,10.0,data3/audio_clips/Biden/fake/4MXZR2A5-GI_10.00s_f000250_c0.wav,Biden,fake,0.2078876942396164
data3/frames_cropped/Biden/Fframes/uzLncXuSIRQ_30.03s_f000900_c0.jpg,data3/Biden/Fvids/uzLncXuSIRQ.mkv,30.03,data3/audio_clips/Biden/fake/uzLncXuSIRQ_30.03s_f000900_c0.wav,Biden,fake,0.16449250280857086
data3/frames_cropped/Biden/Fframes/vfhBnrrjPVo_12.00s_f000288_c0.jpg,data3/Biden/Fvids/vfhBnrrjPVo.mp4,12.0,data3/audio_clips/Biden/fake/vfhBnrrjPVo_12.00s_f000288_c0.wav,Biden,fake,0.11919786781072617
data3/frames_cropped/Biden/Fframes/uzLncXuSIRQ_32.03s_f000960_c0.jpg,data3/Biden/Fvids/uzLncXuSIRQ.mkv,32.03,data3/audio_clips/Biden/fake/uzLncXuSIRQ_32.03s_f000960_c0.wav,Biden,fake,0.24643629789352417
data3/frames_cropped/Biden/Fframes/6M1aIetjZOU_0.00s_f000000_c0.jpg,data3/Biden/Fvids/6M1aIetjZOU.webm,0.0,data3/audio_clips/Biden/fake/6M1aIetjZOU_0.00s_f000000_c0.wav,Biden,fake,0.1298593133687973
data3/frames_cropped/Biden/Fframes/0yJysodFCyY_42.04s_f001008_c0.jpg,data3/Biden/Fvids/0yJysodFCyY.mkv,42.04,data3/audio_clips/Biden/fake/0yJysodFCyY_42.04s_f001008_c0.wav,Biden,fake,0.3838707208633423
data3/frames_cropped/Biden/Fframes/0TjTXD7Opxk_4.00s_f000120_c0.jpg,data3/Biden/Fvids/0TjTXD7Opxk.webm,4.0,data3/audio_clips/Biden/fake/0TjTXD7Opxk_4.00s_f000120_c0.wav,Biden,fake,0.4938497245311737
data3/frames_cropped/Biden/Fframes/4MXZR2A5-GI_2.00s_f000050_c0.jpg,data3/Biden/Fvids/4MXZR2A5-GI.webm,2.0,data3/audio_clips/Biden/fake/4MXZR2A5-GI_2.00s_f000050_c0.wav,Biden,fake,0.1686120182275772
data3/frames_cropped/Biden/Fframes/uzLncXuSIRQ_46.05s_f001380_c0.jpg,data3/Biden/Fvids/uzLncXuSIRQ.mkv,46.05,data3/audio_clips/Biden/fake/uzLncXuSIRQ_46.05s_f001380_c0.wav,Biden,fake,0.15163654088974
data3/frames_cropped/Biden/Fframes/uzLncXuSIRQ_14.01s_f000420_c0.jpg,data3/Biden/Fvids/uzLncXuSIRQ.mkv,14.01,data3/audio_clips/Biden/fake/uzLncXuSIRQ_14.01s_f000420_c0.wav,Biden,fake,0.1644989252090454
data3/frames_cropped/Biden/Fframes/uzLncXuSIRQ_24.02s_f000720_c0.jpg,data3/Biden/Fvids/uzLncXuSIRQ.mkv,24.02,data3/audio_clips/Biden/fake/uzLncXuSIRQ_24.02s_f000720_c0.wav,Biden,fake,0.14672164618968964
data3/frames_cropped/Biden/Fframes/6M1aIetjZOU_20.00s_f000600_c0.jpg,data3/Biden/Fvids/6M1aIetjZOU.webm,20.0,data3/audio_clips/Biden/fake/6M1aIetjZOU_20.00s_f000600_c0.wav,Biden,fake,0.07099347561597824
data3/frames_cropped/Biden/Fframes/0yJysodFCyY_56.06s_f001344_c0.jpg,data3/Biden/Fvids/0yJysodFCyY.mkv,56.06,data3/audio_clips/Biden/fake/0yJysodFCyY_56.06s_f001344_c0.wav,Biden,fake,0.27016568183898926
data3/frames_cropped/Biden/Fframes/0TjTXD7Opxk_26.00s_f000780_c0.jpg,data3/Biden/Fvids/0TjTXD7Opxk.webm,26.0,data3/audio_clips/Biden/fake/0TjTXD7Opxk_26.00s_f000780_c0.wav,Biden,fake,0.3008068799972534
data3/frames_cropped/Biden/Fframes/0yJysodFCyY_52.05s_f001248_c0.jpg,data3/Biden/Fvids/0yJysodFCyY.mkv,52.05,data3/audio_clips/Biden/fake/0yJysodFCyY_52.05s_f001248_c0.wav,Biden,fake,0.19015805423259735
data3/frames_cropped/Biden/Fframes/yVEhrIMc-ps_0.00s_f000000_c0.jpg,data3/Biden/Fvids/yVEhrIMc-ps.webm,0.0,data3/audio_clips/Biden/fake/yVEhrIMc-ps_0.00s_f000000_c0.wav,Biden,fake,0.08570733666419983
data3/frames_cropped/Biden/Fframes/uzLncXuSIRQ_2.00s_f000060_c0.jpg,data3/Biden/Fvids/uzLncXuSIRQ.mkv,2.0,data3/audio_clips/Biden/fake/uzLncXuSIRQ_2.00s_f000060_c0.wav,Biden,fake,0.23397444188594818
data3/frames_cropped/Biden/Fframes/vfhBnrrjPVo_6.00s_f000144_c0.jpg,data3/Biden/Fvids/vfhBnrrjPVo.mp4,6.0,data3/audio_clips/Biden/fake/vfhBnrrjPVo_6.00s_f000144_c0.wav,Biden,fake,0.38336464762687683
data3/frames_cropped/Biden/Fframes/uzLncXuSIRQ_40.04s_f001200_c0.jpg,data3/Biden/Fvids/uzLncXuSIRQ.mkv,40.04,data3/audio_clips/Biden/fake/uzLncXuSIRQ_40.04s_f001200_c0.wav,Biden,fake,0.1666226089000702
data3/frames_cropped/Biden/Fframes/uzLncXuSIRQ_38.04s_f001140_c0.jpg,data3/Biden/Fvids/uzLncXuSIRQ.mkv,38.04,data3/audio_clips/Biden/fake/uzLncXuSIRQ_38.04s_f001140_c0.wav,Biden,fake,0.158653125166893
data3/frames_cropped/Biden/Fframes/0yJysodFCyY_62.06s_f001488_c0.jpg,data3/Biden/Fvids/0yJysodFCyY.mkv,62.06,data3/audio_clips/Biden/fake/0yJysodFCyY_62.06s_f001488_c0.wav,Biden,fake,0.09282045811414719
data3/frames_cropped/Biden/Fframes/0TjTXD7Opxk_14.00s_f000420_c0.jpg,data3/Biden/Fvids/0TjTXD7Opxk.webm,14.0,data3/audio_clips/Biden/fake/0TjTXD7Opxk_14.00s_f000420_c0.wav,Biden,fake,0.3316878080368042
data3/frames_cropped/Biden/Fframes/yVEhrIMc-ps_6.01s_f000180_c0.jpg,data3/Biden/Fvids/yVEhrIMc-ps.webm,6.01,data3/audio_clips/Biden/fake/yVEhrIMc-ps_6.01s_f000180_c0.wav,Biden,fake,0.13574405014514923
data3/frames_cropped/Biden/Fframes/uzLncXuSIRQ_16.02s_f000480_c0.jpg,data3/Biden/Fvids/uzLncXuSIRQ.mkv,16.02,data3/audio_clips/Biden/fake/uzLncXuSIRQ_16.02s_f000480_c0.wav,Biden,fake,0.23431052267551422
data3/frames_cropped/Biden/Fframes/0yJysodFCyY_38.04s_f000912_c0.jpg,data3/Biden/Fvids/0yJysodFCyY.mkv,38.04,data3/audio_clips/Biden/fake/0yJysodFCyY_38.04s_f000912_c0.wav,Biden,fake,0.43679675459861755
data3/frames_cropped/Biden/Fframes/uzLncXuSIRQ_50.05s_f001500_c0.jpg,data3/Biden/Fvids/uzLncXuSIRQ.mkv,50.05,data3/audio_clips/Biden/fake/uzLncXuSIRQ_50.05s_f001500_c0.wav,Biden,fake,0.1265413612127304
data3/frames_cropped/Biden/Fframes/uzLncXuSIRQ_8.01s_f000240_c0.jpg,data3/Biden/Fvids/uzLncXuSIRQ.mkv,8.01,data3/audio_clips/Biden/fake/uzLncXuSIRQ_8.01s_f000240_c0.wav,Biden,fake,0.16146011650562286
data3/frames_cropped/Biden/Fframes/vfhBnrrjPVo_14.00s_f000336_c0.jpg,data3/Biden/Fvids/vfhBnrrjPVo.mp4,14.0,data3/audio_clips/Biden/fake/vfhBnrrjPVo_14.00s_f000336_c0.wav,Biden,fake,0.2101302146911621
data3/frames_cropped/Biden/Fframes/6M1aIetjZOU_8.00s_f000240_c0.jpg,data3/Biden/Fvids/6M1aIetjZOU.webm,8.0,data3/audio_clips/Biden/fake/6M1aIetjZOU_8.00s_f000240_c0.wav,Biden,fake,0.07365627586841583
data3/frames_cropped/Biden/Fframes/4MXZR2A5-GI_0.00s_f000000_c0.jpg,data3/Biden/Fvids/4MXZR2A5-GI.webm,0.0,data3/audio_clips/Biden/fake/4MXZR2A5-GI_0.00s_f000000_c0.wav,Biden,fake,0.21899345517158508
data3/frames_cropped/Biden/Fframes/vfhBnrrjPVo_20.00s_f000480_c0.jpg,data3/Biden/Fvids/vfhBnrrjPVo.mp4,20.0,data3/audio_clips/Biden/fake/vfhBnrrjPVo_20.00s_f000480_c0.wav,Biden,fake,0.18418389558792114
data3/frames_cropped/Biden/Fframes/6M1aIetjZOU_42.00s_f001260_c0.jpg,data3/Biden/Fvids/6M1aIetjZOU.webm,42.0,data3/audio_clips/Biden/fake/6M1aIetjZOU_42.00s_f001260_c0.wav,Biden,fake,0.08824305236339569
data3/frames_cropped/Biden/Fframes/4MXZR2A5-GI_8.00s_f000200_c0.jpg,data3/Biden/Fvids/4MXZR2A5-GI.webm,8.0,data3/audio_clips/Biden/fake/4MXZR2A5-GI_8.00s_f000200_c0.wav,Biden,fake,0.17515099048614502
data3/frames_cropped/Biden/Fframes/uzLncXuSIRQ_12.01s_f000360_c0.jpg,data3/Biden/Fvids/uzLncXuSIRQ.mkv,12.01,data3/audio_clips/Biden/fake/uzLncXuSIRQ_12.01s_f000360_c0.wav,Biden,fake,0.2865128517150879
data3/frames_cropped/Biden/Fframes/0yJysodFCyY_36.04s_f000864_c0.jpg,data3/Biden/Fvids/0yJysodFCyY.mkv,36.04,data3/audio_clips/Biden/fake/0yJysodFCyY_36.04s_f000864_c0.wav,Biden,fake,0.08045030385255814
data3/frames_cropped/Biden/Fframes/uzLncXuSIRQ_20.02s_f000600_c0.jpg,data3/Biden/Fvids/uzLncXuSIRQ.mkv,20.02,data3/audio_clips/Biden/fake/uzLncXuSIRQ_20.02s_f000600_c0.wav,Biden,fake,0.09369289875030518
data3/frames_cropped/Biden/Fframes/6M1aIetjZOU_30.00s_f000900_c0.jpg,data3/Biden/Fvids/6M1aIetjZOU.webm,30.0,data3/audio_clips/Biden/fake/6M1aIetjZOU_30.00s_f000900_c0.wav,Biden,fake,0.11861934512853622
data3/frames_cropped/Biden/Fframes/4MXZR2A5-GI_14.00s_f000350_c0.jpg,data3/Biden/Fvids/4MXZR2A5-GI.webm,14.0,data3/audio_clips/Biden/fake/4MXZR2A5-GI_14.00s_f000350_c0.wav,Biden,fake,0.18744699656963348
data3/frames_cropped/Biden/Fframes/0yJysodFCyY_100.10s_f002400_c0.jpg,data3/Biden/Fvids/0yJysodFCyY.mkv,100.1,data3/audio_clips/Biden/fake/0yJysodFCyY_100.10s_f002400_c0.wav,Biden,fake,0.25419530272483826
data3/frames_cropped/Biden/Fframes/yVEhrIMc-ps_4.00s_f000120_c0.jpg,data3/Biden/Fvids/yVEhrIMc-ps.webm,4.0,data3/audio_clips/Biden/fake/yVEhrIMc-ps_4.00s_f000120_c0.wav,Biden,fake,0.14293864369392395
data3/frames_cropped/Biden/Fframes/uzLncXuSIRQ_44.04s_f001320_c0.jpg,data3/Biden/Fvids/uzLncXuSIRQ.mkv,44.04,data3/audio_clips/Biden/fake/uzLncXuSIRQ_44.04s_f001320_c0.wav,Biden,fake,0.14746472239494324
data3/frames_cropped/Biden/Fframes/0yJysodFCyY_66.07s_f001584_c0.jpg,data3/Biden/Fvids/0yJysodFCyY.mkv,66.07,data3/audio_clips/Biden/fake/0yJysodFCyY_66.07s_f001584_c0.wav,Biden,fake,0.2539908289909363
data3/frames_cropped/Biden/Fframes/uzLncXuSIRQ_26.03s_f000780_c0.jpg,data3/Biden/Fvids/uzLncXuSIRQ.mkv,26.03,data3/audio_clips/Biden/fake/uzLncXuSIRQ_26.03s_f000780_c0.wav,Biden,fake,0.1520470529794693
data3/frames_cropped/Biden/Fframes/6M1aIetjZOU_16.00s_f000480_c0.jpg,data3/Biden/Fvids/6M1aIetjZOU.webm,16.0,data3/audio_clips/Biden/fake/6M1aIetjZOU_16.00s_f000480_c0.wav,Biden,fake,0.06412357836961746
data3/frames_cropped/Biden/Fframes/uzLncXuSIRQ_60.06s_f001800_c0.jpg,data3/Biden/Fvids/uzLncXuSIRQ.mkv,60.06,data3/audio_clips/Biden/fake/uzLncXuSIRQ_60.06s_f001800_c0.wav,Biden,fake,0.18784849345684052
data3/frames_cropped/Biden/Fframes/yVEhrIMc-ps_10.01s_f000300_c0.jpg,data3/Biden/Fvids/yVEhrIMc-ps.webm,10.01,data3/audio_clips/Biden/fake/yVEhrIMc-ps_10.01s_f000300_c0.wav,Biden,fake,0.21343994140625
data3/frames_cropped/Biden/Fframes/uzLncXuSIRQ_36.04s_f001080_c0.jpg,data3/Biden/Fvids/uzLncXuSIRQ.mkv,36.04,data3/audio_clips/Biden/fake/uzLncXuSIRQ_36.04s_f001080_c0.wav,Biden,fake,0.13947731256484985
data3/frames_cropped/Biden/Fframes/yVEhrIMc-ps_22.02s_f000660_c0.jpg,data3/Biden/Fvids/yVEhrIMc-ps.webm,22.02,data3/audio_clips/Biden/fake/yVEhrIMc-ps_22.02s_f000660_c0.wav,Biden,fake,0.10773780196905136
data3/frames_cropped/Biden/Fframes/uzLncXuSIRQ_28.03s_f000840_c0.jpg,data3/Biden/Fvids/uzLncXuSIRQ.mkv,28.03,data3/audio_clips/Biden/fake/uzLncXuSIRQ_28.03s_f000840_c0.wav,Biden,fake,0.20130202174186707
data3/frames_cropped/Biden/Fframes/6M1aIetjZOU_34.00s_f001020_c0.jpg,data3/Biden/Fvids/6M1aIetjZOU.webm,34.0,data3/audio_clips/Biden/fake/6M1aIetjZOU_34.00s_f001020_c0.wav,Biden,fake,0.11001754552125931
data3/frames_cropped/Biden/Fframes/4MXZR2A5-GI_20.00s_f000500_c0.jpg,data3/Biden/Fvids/4MXZR2A5-GI.webm,20.0,data3/audio_clips/Biden/fake/4MXZR2A5-GI_20.00s_f000500_c0.wav,Biden,fake,0.24508343636989594
data3/frames_cropped/Biden/Fframes/0yJysodFCyY_40.04s_f000960_c0.jpg,data3/Biden/Fvids/0yJysodFCyY.mkv,40.04,data3/audio_clips/Biden/fake/0yJysodFCyY_40.04s_f000960_c0.wav,Biden,fake,0.430207222700119
data3/frames_cropped/Biden/Fframes/uzLncXuSIRQ_18.02s_f000540_c0.jpg,data3/Biden/Fvids/uzLncXuSIRQ.mkv,18.02,data3/audio_clips/Biden/fake/uzLncXuSIRQ_18.02s_f000540_c0.wav,Biden,fake,0.1114179939031601
data3/frames_cropped/Biden/Fframes/0yJysodFCyY_54.05s_f001296_c0.jpg,data3/Biden/Fvids/0yJysodFCyY.mkv,54.05,data3/audio_clips/Biden/fake/0yJysodFCyY_54.05s_f001296_c0.wav,Biden,fake,0.14308543503284454
data3/frames_cropped/Biden/Fframes/vfhBnrrjPVo_2.00s_f000048_c0.jpg,data3/Biden/Fvids/vfhBnrrjPVo.mp4,2.0,data3/audio_clips/Biden/fake/vfhBnrrjPVo_2.00s_f000048_c0.wav,Biden,fake,0.07132738828659058
data3/frames_cropped/Biden/Fframes/yVEhrIMc-ps_20.02s_f000600_c0.jpg,data3/Biden/Fvids/yVEhrIMc-ps.webm,20.02,data3/audio_clips/Biden/fake/yVEhrIMc-ps_20.02s_f000600_c0.wav,Biden,fake,0.1513316035270691
data3/frames_cropped/Biden/Fframes/yVEhrIMc-ps_12.01s_f000360_c0.jpg,data3/Biden/Fvids/yVEhrIMc-ps.webm,12.01,data3/audio_clips/Biden/fake/yVEhrIMc-ps_12.01s_f000360_c0.wav,Biden,fake,0.2532768249511719
data3/frames_cropped/Biden/Fframes/4MXZR2A5-GI_16.00s_f000400_c0.jpg,data3/Biden/Fvids/4MXZR2A5-GI.webm,16.0,data3/audio_clips/Biden/fake/4MXZR2A5-GI_16.00s_f000400_c0.wav,Biden,fake,0.13480253517627716
data3/frames_cropped/Biden/Fframes/4MXZR2A5-GI_4.00s_f000100_c0.jpg,data3/Biden/Fvids/4MXZR2A5-GI.webm,4.0,data3/audio_clips/Biden/fake/4MXZR2A5-GI_4.00s_f000100_c0.wav,Biden,fake,0.17544794082641602
data3/frames_cropped/Biden/Fframes/0TjTXD7Opxk_6.00s_f000180_c0.jpg,data3/Biden/Fvids/0TjTXD7Opxk.webm,6.0,data3/audio_clips/Biden/fake/0TjTXD7Opxk_6.00s_f000180_c0.wav,Biden,fake,0.21486307680606842
data3/frames_cropped/Biden/Fframes/vfhBnrrjPVo_16.00s_f000384_c0.jpg,data3/Biden/Fvids/vfhBnrrjPVo.mp4,16.0,data3/audio_clips/Biden/fake/vfhBnrrjPVo_16.00s_f000384_c0.wav,Biden,fake,0.12266407161951065
data3/frames_cropped/Biden/Fframes/uzLncXuSIRQ_4.00s_f000120_c0.jpg,data3/Biden/Fvids/uzLncXuSIRQ.mkv,4.0,data3/audio_clips/Biden/fake/uzLncXuSIRQ_4.00s_f000120_c0.wav,Biden,fake,0.1579187959432602
data3/frames_cropped/Biden/Fframes/uzLncXuSIRQ_48.05s_f001440_c0.jpg,data3/Biden/Fvids/uzLncXuSIRQ.mkv,48.05,data3/audio_clips/Biden/fake/uzLncXuSIRQ_48.05s_f001440_c0.wav,Biden,fake,0.17249424755573273
data3/frames_cropped/Biden/Fframes/4etqiIEvjgE_52.05s_f001248_c1.jpg,data3/Biden/Fvids/4etqiIEvjgE.webm,52.05,data3/audio_clips/Biden/fake/4etqiIEvjgE_52.05s_f001248_c1.wav,Biden,fake,0.09947597980499268
data3/frames_cropped/Biden/Fframes/yVEhrIMc-ps_18.02s_f000540_c0.jpg,data3/Biden/Fvids/yVEhrIMc-ps.webm,18.02,data3/audio_clips/Biden/fake/yVEhrIMc-ps_18.02s_f000540_c0.wav,Biden,fake,0.15024037659168243
data3/frames_cropped/Biden/Fframes/6M1aIetjZOU_32.00s_f000960_c0.jpg,data3/Biden/Fvids/6M1aIetjZOU.webm,32.0,data3/audio_clips/Biden/fake/6M1aIetjZOU_32.00s_f000960_c0.wav,Biden,fake,0.09438032656908035
data3/frames_cropped/Biden/Fframes/0yJysodFCyY_102.10s_f002448_c0.jpg,data3/Biden/Fvids/0yJysodFCyY.mkv,102.1,data3/audio_clips/Biden/fake/0yJysodFCyY_102.10s_f002448_c0.wav,Biden,fake,0.28601086139678955
data3/frames_cropped/Biden/Fframes/uzLncXuSIRQ_22.02s_f000660_c0.jpg,data3/Biden/Fvids/uzLncXuSIRQ.mkv,22.02,data3/audio_clips/Biden/fake/uzLncXuSIRQ_22.02s_f000660_c0.wav,Biden,fake,0.16039611399173737
data3/frames_cropped/Biden/Fframes/yVEhrIMc-ps_28.03s_f000840_c0.jpg,data3/Biden/Fvids/yVEhrIMc-ps.webm,28.03,data3/audio_clips/Biden/fake/yVEhrIMc-ps_28.03s_f000840_c0.wav,Biden,fake,0.14442121982574463
data3/frames_cropped/Biden/Fframes/0yJysodFCyY_58.06s_f001392_c0.jpg,data3/Biden/Fvids/0yJysodFCyY.mkv,58.06,data3/audio_clips/Biden/fake/0yJysodFCyY_58.06s_f001392_c0.wav,Biden,fake,0.37990081310272217
data3/frames_cropped/Biden/Fframes/uzLncXuSIRQ_58.06s_f001740_c0.jpg,data3/Biden/Fvids/uzLncXuSIRQ.mkv,58.06,data3/audio_clips/Biden/fake/uzLncXuSIRQ_58.06s_f001740_c0.wav,Biden,fake,0.25298961997032166
data3/frames_cropped/Biden/Fframes/0TjTXD7Opxk_16.00s_f000480_c0.jpg,data3/Biden/Fvids/0TjTXD7Opxk.webm,16.0,data3/audio_clips/Biden/fake/0TjTXD7Opxk_16.00s_f000480_c0.wav,Biden,fake,0.6140320301055908
data3/frames_cropped/Biden/Fframes/4MXZR2A5-GI_6.00s_f000150_c0.jpg,data3/Biden/Fvids/4MXZR2A5-GI.webm,6.0,data3/audio_clips/Biden/fake/4MXZR2A5-GI_6.00s_f000150_c0.wav,Biden,fake,0.19640816748142242
data3/frames_cropped/Biden/Fframes/uzLncXuSIRQ_10.01s_f000300_c0.jpg,data3/Biden/Fvids/uzLncXuSIRQ.mkv,10.01,data3/audio_clips/Biden/fake/uzLncXuSIRQ_10.01s_f000300_c0.wav,Biden,fake,0.21940863132476807
data3/frames_cropped/Biden/Fframes/yVEhrIMc-ps_26.03s_f000780_c0.jpg,data3/Biden/Fvids/yVEhrIMc-ps.webm,26.03,data3/audio_clips/Biden/fake/yVEhrIMc-ps_26.03s_f000780_c0.wav,Biden,fake,0.11132650077342987
data3/frames_cropped/Biden/Fframes/6M1aIetjZOU_40.00s_f001200_c0.jpg,data3/Biden/Fvids/6M1aIetjZOU.webm,40.0,data3/audio_clips/Biden/fake/6M1aIetjZOU_40.00s_f001200_c0.wav,Biden,fake,0.09385518729686737
data3/frames_cropped/Trump/Rframes/RvPVpzmhMEM_6.01s_f000180_c5.jpg,data3/Trump/Rvids/RvPVpzmhMEM.webm,6.01,data3/audio_clips/Trump/real/RvPVpzmhMEM_6.01s_f000180_c5.wav,Trump,real,0.4373091757297516
data3/frames_cropped/Trump/Rframes/aowTnlSylRE_46.05s_f001380_c0.jpg,data3/Trump/Rvids/aowTnlSylRE.webm,46.05,data3/audio_clips/Trump/real/aowTnlSylRE_46.05s_f001380_c0.wav,Trump,real,0.21005754172801971
data3/frames_cropped/Trump/Rframes/6VCHzGITvt0_14.00s_f000350_c2.jpg,data3/Trump/Rvids/6VCHzGITvt0.webm,14.0,data3/audio_clips/Trump/real/6VCHzGITvt0_14.00s_f000350_c2.wav,Trump,real,0.40441983938217163
data3/frames_cropped/Trump/Rframes/zMNAos1hotI_620.53s_f014880_c0.jpg,data3/Trump/Rvids/zMNAos1hotI.webm,620.53,data3/audio_clips/Trump/real/zMNAos1hotI_620.53s_f014880_c0.wav,Trump,real,0.32435712218284607
data3/frames_cropped/Trump/Rframes/KlJQVONJDBo_80.08s_f002400_c0.jpg,data3/Trump/Rvids/KlJQVONJDBo.mkv,80.08,data3/audio_clips/Trump/real/KlJQVONJDBo_80.08s_f002400_c0.wav,Trump,real,0.10411404818296432
data3/frames_cropped/Trump/Rframes/zMNAos1hotI_612.52s_f014688_c0.jpg,data3/Trump/Rvids/zMNAos1hotI.webm,612.52,data3/audio_clips/Trump/real/zMNAos1hotI_612.52s_f014688_c0.wav,Trump,real,0.4236544966697693
data3/frames_cropped/Trump/Rframes/RvPVpzmhMEM_10.01s_f000300_c3.jpg,data3/Trump/Rvids/RvPVpzmhMEM.webm,10.01,data3/audio_clips/Trump/real/RvPVpzmhMEM_10.01s_f000300_c3.wav,Trump,real,0.3689434230327606
data3/frames_cropped/Trump/Rframes/6VCHzGITvt0_26.00s_f000650_c1.jpg,data3/Trump/Rvids/6VCHzGITvt0.webm,26.0,data3/audio_clips/Trump/real/6VCHzGITvt0_26.00s_f000650_c1.wav,Trump,real,0.444379985332489
data3/frames_cropped/Trump/Rframes/zMNAos1hotI_24.02s_f000576_c0.jpg,data3/Trump/Rvids/zMNAos1hotI.webm,24.02,data3/audio_clips/Trump/real/zMNAos1hotI_24.02s_f000576_c0.wav,Trump,real,0.39513736963272095
data3/frames_cropped/Trump/Rframes/KlJQVONJDBo_54.05s_f001620_c0.jpg,data3/Trump/Rvids/KlJQVONJDBo.mkv,54.05,data3/audio_clips/Trump/real/KlJQVONJDBo_54.05s_f001620_c0.wav,Trump,real,0.20972563326358795
data3/frames_cropped/Trump/Rframes/RvPVpzmhMEM_22.02s_f000660_c3.jpg,data3/Trump/Rvids/RvPVpzmhMEM.webm,22.02,data3/audio_clips/Trump/real/RvPVpzmhMEM_22.02s_f000660_c3.wav,Trump,real,0.10655646026134491
data3/frames_cropped/Trump/Rframes/6VCHzGITvt0_22.00s_f000550_c1.jpg,data3/Trump/Rvids/6VCHzGITvt0.webm,22.0,data3/audio_clips/Trump/real/6VCHzGITvt0_22.00s_f000550_c1.wav,Trump,real,0.43264633417129517
data3/frames_cropped/Trump/Rframes/cm6SK-IpDEs_58.05s_f001740_c0.jpg,data3/Trump/Rvids/cm6SK-IpDEs.webm,58.05,data3/audio_clips/Trump/real/cm6SK-IpDEs_58.05s_f001740_c0.wav,Trump,real,0.1068655475974083
data3/frames_cropped/Trump/Rframes/f6S0Hhi5Y_w_10.01s_f000300_c0.jpg,data3/Trump/Rvids/f6S0Hhi5Y_w.webm,10.01,data3/audio_clips/Trump/real/f6S0Hhi5Y_w_10.01s_f000300_c0.wav,Trump,real,0.18279705941677094
data3/frames_cropped/Trump/Rframes/LHd447EafFY_4.00s_f000120_c0.jpg,data3/Trump/Rvids/LHd447EafFY.webm,4.0,data3/audio_clips/Trump/real/LHd447EafFY_4.00s_f000120_c0.wav,Trump,real,0.0993107482790947
data3/frames_cropped/Trump/Rframes/cm6SK-IpDEs_104.10s_f003120_c0.jpg,data3/Trump/Rvids/cm6SK-IpDEs.webm,104.1,data3/audio_clips/Trump/real/cm6SK-IpDEs_104.10s_f003120_c0.wav,Trump,real,0.49793457984924316
data3/frames_cropped/Trump/Rframes/RvPVpzmhMEM_66.06s_f001980_c4.jpg,data3/Trump/Rvids/RvPVpzmhMEM.webm,66.06,data3/audio_clips/Trump/real/RvPVpzmhMEM_66.06s_f001980_c4.wav,Trump,real,0.30181097984313965
data3/frames_cropped/Trump/Rframes/KlJQVONJDBo_68.07s_f002040_c0.jpg,data3/Trump/Rvids/KlJQVONJDBo.mkv,68.07,data3/audio_clips/Trump/real/KlJQVONJDBo_68.07s_f002040_c0.wav,Trump,real,0.16008472442626953
data3/frames_cropped/Trump/Rframes/6VCHzGITvt0_20.00s_f000500_c1.jpg,data3/Trump/Rvids/6VCHzGITvt0.webm,20.0,data3/audio_clips/Trump/real/6VCHzGITvt0_20.00s_f000500_c1.wav,Trump,real,0.4447813630104065
data3/frames_cropped/Trump/Rframes/aowTnlSylRE_38.04s_f001140_c0.jpg,data3/Trump/Rvids/aowTnlSylRE.webm,38.04,data3/audio_clips/Trump/real/aowTnlSylRE_38.04s_f001140_c0.wav,Trump,real,0.20143596827983856
data3/frames_cropped/Trump/Rframes/LHd447EafFY_24.02s_f000720_c0.jpg,data3/Trump/Rvids/LHd447EafFY.webm,24.02,data3/audio_clips/Trump/real/LHd447EafFY_24.02s_f000720_c0.wav,Trump,real,0.47882670164108276
data3/frames_cropped/Trump/Rframes/QtHybUMvahE_34.03s_f001020_c0.jpg,data3/Trump/Rvids/QtHybUMvahE.mkv,34.03,data3/audio_clips/Trump/real/QtHybUMvahE_34.03s_f001020_c0.wav,Trump,real,0.23480959236621857
data3/frames_cropped/Trump/Rframes/6VCHzGITvt0_24.00s_f000600_c2.jpg,data3/Trump/Rvids/6VCHzGITvt0.webm,24.0,data3/audio_clips/Trump/real/6VCHzGITvt0_24.00s_f000600_c2.wav,Trump,real,0.27308419346809387
data3/frames_cropped/Trump/Rframes/QtHybUMvahE_42.04s_f001260_c1.jpg,data3/Trump/Rvids/QtHybUMvahE.mkv,42.04,data3/audio_clips/Trump/real/QtHybUMvahE_42.04s_f001260_c1.wav,Trump,real,0.16051751375198364
data3/frames_cropped/Trump/Rframes/RvPVpzmhMEM_26.02s_f000780_c3.jpg,data3/Trump/Rvids/RvPVpzmhMEM.webm,26.02,data3/audio_clips/Trump/real/RvPVpzmhMEM_26.02s_f000780_c3.wav,Trump,real,0.13017648458480835
data3/frames_cropped/Trump/Rframes/cm6SK-IpDEs_68.06s_f002040_c0.jpg,data3/Trump/Rvids/cm6SK-IpDEs.webm,68.06,data3/audio_clips/Trump/real/cm6SK-IpDEs_68.06s_f002040_c0.wav,Trump,real,0.42878663539886475
data3/frames_cropped/Trump/Rframes/zMNAos1hotI_18.02s_f000432_c0.jpg,data3/Trump/Rvids/zMNAos1hotI.webm,18.02,data3/audio_clips/Trump/real/zMNAos1hotI_18.02s_f000432_c0.wav,Trump,real,0.341135174036026
data3/frames_cropped/Trump/Rframes/QtHybUMvahE_50.05s_f001500_c0.jpg,data3/Trump/Rvids/QtHybUMvahE.mkv,50.05,data3/audio_clips/Trump/real/QtHybUMvahE_50.05s_f001500_c0.wav,Trump,real,0.17128387093544006
data3/frames_cropped/Trump/Rframes/aowTnlSylRE_42.04s_f001260_c0.jpg,data3/Trump/Rvids/aowTnlSylRE.webm,42.04,data3/audio_clips/Trump/real/aowTnlSylRE_42.04s_f001260_c0.wav,Trump,real,0.28216978907585144
data3/frames_cropped/Trump/Rframes/QtHybUMvahE_40.04s_f001200_c0.jpg,data3/Trump/Rvids/QtHybUMvahE.mkv,40.04,data3/audio_clips/Trump/real/QtHybUMvahE_40.04s_f001200_c0.wav,Trump,real,0.15198005735874176
data3/frames_cropped/Trump/Rframes/QtHybUMvahE_38.04s_f001140_c0.jpg,data3/Trump/Rvids/QtHybUMvahE.mkv,38.04,data3/audio_clips/Trump/real/QtHybUMvahE_38.04s_f001140_c0.wav,Trump,real,0.26073575019836426
data3/frames_cropped/Trump/Rframes/RvPVpzmhMEM_56.05s_f001680_c5.jpg,data3/Trump/Rvids/RvPVpzmhMEM.webm,56.05,data3/audio_clips/Trump/real/RvPVpzmhMEM_56.05s_f001680_c5.wav,Trump,real,0.44952648878097534
data3/frames_cropped/Trump/Rframes/KlJQVONJDBo_88.09s_f002640_c0.jpg,data3/Trump/Rvids/KlJQVONJDBo.mkv,88.09,data3/audio_clips/Trump/real/KlJQVONJDBo_88.09s_f002640_c0.wav,Trump,real,0.12416477501392365
data3/frames_cropped/Trump/Rframes/zMNAos1hotI_614.53s_f014736_c0.jpg,data3/Trump/Rvids/zMNAos1hotI.webm,614.53,data3/audio_clips/Trump/real/zMNAos1hotI_614.53s_f014736_c0.wav,Trump,real,0.20503835380077362
data3/frames_cropped/Trump/Rframes/zMNAos1hotI_20.02s_f000480_c0.jpg,data3/Trump/Rvids/zMNAos1hotI.webm,20.02,data3/audio_clips/Trump/real/zMNAos1hotI_20.02s_f000480_c0.wav,Trump,real,0.23507031798362732
data3/frames_cropped/Trump/Rframes/6VCHzGITvt0_16.00s_f000400_c0.jpg,data3/Trump/Rvids/6VCHzGITvt0.webm,16.0,data3/audio_clips/Trump/real/6VCHzGITvt0_16.00s_f000400_c0.wav,Trump,real,0.5109878778457642
data3/frames_cropped/Trump/Rframes/KlJQVONJDBo_76.08s_f002280_c0.jpg,data3/Trump/Rvids/KlJQVONJDBo.mkv,76.08,data3/audio_clips/Trump/real/KlJQVONJDBo_76.08s_f002280_c0.wav,Trump,real,0.12216930836439133
data3/frames_cropped/Trump/Rframes/f6S0Hhi5Y_w_12.01s_f000360_c0.jpg,data3/Trump/Rvids/f6S0Hhi5Y_w.webm,12.01,data3/audio_clips/Trump/real/f6S0Hhi5Y_w_12.01s_f000360_c0.wav,Trump,real,0.11069691181182861
data3/frames_cropped/Trump/Rframes/aowTnlSylRE_4.00s_f000120_c0.jpg,data3/Trump/Rvids/aowTnlSylRE.webm,4.0,data3/audio_clips/Trump/real/aowTnlSylRE_4.00s_f000120_c0.wav,Trump,real,0.35416075587272644
data3/frames_cropped/Trump/Rframes/RvPVpzmhMEM_20.02s_f000600_c3.jpg,data3/Trump/Rvids/RvPVpzmhMEM.webm,20.02,data3/audio_clips/Trump/real/RvPVpzmhMEM_20.02s_f000600_c3.wav,Trump,real,0.3465283215045929
data3/frames_cropped/Trump/Rframes/QtHybUMvahE_32.03s_f000960_c0.jpg,data3/Trump/Rvids/QtHybUMvahE.mkv,32.03,data3/audio_clips/Trump/real/QtHybUMvahE_32.03s_f000960_c0.wav,Trump,real,0.2120743840932846
data3/frames_cropped/Trump/Rframes/cm6SK-IpDEs_80.07s_f002400_c0.jpg,data3/Trump/Rvids/cm6SK-IpDEs.webm,80.07,data3/audio_clips/Trump/real/cm6SK-IpDEs_80.07s_f002400_c0.wav,Trump,real,0.15312783420085907
data3/frames_cropped/Trump/Rframes/f6S0Hhi5Y_w_18.02s_f000540_c0.jpg,data3/Trump/Rvids/f6S0Hhi5Y_w.webm,18.02,data3/audio_clips/Trump/real/f6S0Hhi5Y_w_18.02s_f000540_c0.wav,Trump,real,0.37864452600479126
data3/frames_cropped/Trump/Rframes/RvPVpzmhMEM_36.03s_f001080_c3.jpg,data3/Trump/Rvids/RvPVpzmhMEM.webm,36.03,data3/audio_clips/Trump/real/RvPVpzmhMEM_36.03s_f001080_c3.wav,Trump,real,0.11726948618888855
data3/frames_cropped/Trump/Rframes/6VCHzGITvt0_30.00s_f000750_c1.jpg,data3/Trump/Rvids/6VCHzGITvt0.webm,30.0,data3/audio_clips/Trump/real/6VCHzGITvt0_30.00s_f000750_c1.wav,Trump,real,0.37015920877456665
data3/frames_cropped/Trump/Rframes/QtHybUMvahE_46.05s_f001380_c0.jpg,data3/Trump/Rvids/QtHybUMvahE.mkv,46.05,data3/audio_clips/Trump/real/QtHybUMvahE_46.05s_f001380_c0.wav,Trump,real,0.19418105483055115
data3/frames_cropped/Trump/Rframes/KlJQVONJDBo_82.08s_f002460_c0.jpg,data3/Trump/Rvids/KlJQVONJDBo.mkv,82.08,data3/audio_clips/Trump/real/KlJQVONJDBo_82.08s_f002460_c0.wav,Trump,real,0.1474379599094391
data3/frames_cropped/Trump/Rframes/cm6SK-IpDEs_66.06s_f001980_c0.jpg,data3/Trump/Rvids/cm6SK-IpDEs.webm,66.06,data3/audio_clips/Trump/real/cm6SK-IpDEs_66.06s_f001980_c0.wav,Trump,real,0.3164198100566864
data3/frames_cropped/Trump/Rframes/f6S0Hhi5Y_w_14.01s_f000420_c0.jpg,data3/Trump/Rvids/f6S0Hhi5Y_w.webm,14.01,data3/audio_clips/Trump/real/f6S0Hhi5Y_w_14.01s_f000420_c0.wav,Trump,real,0.10531336069107056
data3/frames_cropped/Trump/Rframes/f6S0Hhi5Y_w_24.02s_f000720_c0.jpg,data3/Trump/Rvids/f6S0Hhi5Y_w.webm,24.02,data3/audio_clips/Trump/real/f6S0Hhi5Y_w_24.02s_f000720_c0.wav,Trump,real,0.11326183378696442
data3/frames_cropped/Trump/Rframes/QtHybUMvahE_44.04s_f001320_c0.jpg,data3/Trump/Rvids/QtHybUMvahE.mkv,44.04,data3/audio_clips/Trump/real/QtHybUMvahE_44.04s_f001320_c0.wav,Trump,real,0.14051422476768494
data3/frames_cropped/Trump/Rframes/LHd447EafFY_22.02s_f000660_c0.jpg,data3/Trump/Rvids/LHd447EafFY.webm,22.02,data3/audio_clips/Trump/real/LHd447EafFY_22.02s_f000660_c0.wav,Trump,real,0.4762859642505646
data3/frames_cropped/Trump/Rframes/LHd447EafFY_10.01s_f000300_c0.jpg,data3/Trump/Rvids/LHd447EafFY.webm,10.01,data3/audio_clips/Trump/real/LHd447EafFY_10.01s_f000300_c0.wav,Trump,real,0.160817950963974
data3/frames_cropped/Trump/Rframes/LHd447EafFY_2.00s_f000060_c0.jpg,data3/Trump/Rvids/LHd447EafFY.webm,2.0,data3/audio_clips/Trump/real/LHd447EafFY_2.00s_f000060_c0.wav,Trump,real,0.16181789338588715
data3/frames_cropped/Trump/Rframes/6VCHzGITvt0_18.00s_f000450_c0.jpg,data3/Trump/Rvids/6VCHzGITvt0.webm,18.0,data3/audio_clips/Trump/real/6VCHzGITvt0_18.00s_f000450_c0.wav,Trump,real,0.17661215364933014
data3/frames_cropped/Trump/Rframes/aowTnlSylRE_0.00s_f000000_c1.jpg,data3/Trump/Rvids/aowTnlSylRE.webm,0.0,data3/audio_clips/Trump/real/aowTnlSylRE_0.00s_f000000_c1.wav,Trump,real,0.330282598733902
data3/frames_cropped/Trump/Rframes/RvPVpzmhMEM_16.02s_f000480_c3.jpg,data3/Trump/Rvids/RvPVpzmhMEM.webm,16.02,data3/audio_clips/Trump/real/RvPVpzmhMEM_16.02s_f000480_c3.wav,Trump,real,0.19466903805732727
data3/frames_cropped/Trump/Rframes/QtHybUMvahE_28.03s_f000840_c0.jpg,data3/Trump/Rvids/QtHybUMvahE.mkv,28.03,data3/audio_clips/Trump/real/QtHybUMvahE_28.03s_f000840_c0.wav,Trump,real,0.30060654878616333
data3/frames_cropped/Trump/Rframes/zMNAos1hotI_16.01s_f000384_c0.jpg,data3/Trump/Rvids/zMNAos1hotI.webm,16.01,data3/audio_clips/Trump/real/zMNAos1hotI_16.01s_f000384_c0.wav,Trump,real,0.284213125705719
data3/frames_cropped/Trump/Rframes/6VCHzGITvt0_12.00s_f000300_c1.jpg,data3/Trump/Rvids/6VCHzGITvt0.webm,12.0,data3/audio_clips/Trump/real/6VCHzGITvt0_12.00s_f000300_c1.wav,Trump,real,0.35828086733818054
data3/frames_cropped/Trump/Rframes/RvPVpzmhMEM_40.04s_f001200_c3.jpg,data3/Trump/Rvids/RvPVpzmhMEM.webm,40.04,data3/audio_clips/Trump/real/RvPVpzmhMEM_40.04s_f001200_c3.wav,Trump,real,0.20758122205734253
data3/frames_cropped/Trump/Rframes/KlJQVONJDBo_70.07s_f002100_c0.jpg,data3/Trump/Rvids/KlJQVONJDBo.mkv,70.07,data3/audio_clips/Trump/real/KlJQVONJDBo_70.07s_f002100_c0.wav,Trump,real,0.11817382276058197
data3/frames_cropped/Trump/Rframes/aowTnlSylRE_10.01s_f000300_c0.jpg,data3/Trump/Rvids/aowTnlSylRE.webm,10.01,data3/audio_clips/Trump/real/aowTnlSylRE_10.01s_f000300_c0.wav,Trump,real,0.2958866059780121
data3/frames_cropped/Trump/Rframes/6VCHzGITvt0_10.00s_f000250_c2.jpg,data3/Trump/Rvids/6VCHzGITvt0.webm,10.0,data3/audio_clips/Trump/real/6VCHzGITvt0_10.00s_f000250_c2.wav,Trump,real,0.45700764656066895
data3/frames_cropped/Trump/Rframes/RvPVpzmhMEM_14.01s_f000420_c3.jpg,data3/Trump/Rvids/RvPVpzmhMEM.webm,14.01,data3/audio_clips/Trump/real/RvPVpzmhMEM_14.01s_f000420_c3.wav,Trump,real,0.2923726737499237
data3/frames_cropped/Trump/Rframes/RvPVpzmhMEM_24.02s_f000720_c3.jpg,data3/Trump/Rvids/RvPVpzmhMEM.webm,24.02,data3/audio_clips/Trump/real/RvPVpzmhMEM_24.02s_f000720_c3.wav,Trump,real,0.09276773035526276
data3/frames_cropped/Trump/Rframes/zMNAos1hotI_22.02s_f000528_c0.jpg,data3/Trump/Rvids/zMNAos1hotI.webm,22.02,data3/audio_clips/Trump/real/zMNAos1hotI_22.02s_f000528_c0.wav,Trump,real,0.2968704104423523
data3/frames_cropped/Trump/Rframes/aowTnlSylRE_58.06s_f001740_c1.jpg,data3/Trump/Rvids/aowTnlSylRE.webm,58.06,data3/audio_clips/Trump/real/aowTnlSylRE_58.06s_f001740_c1.wav,Trump,real,0.10400460660457611
data3/frames_cropped/Trump/Rframes/aowTnlSylRE_48.05s_f001440_c1.jpg,data3/Trump/Rvids/aowTnlSylRE.webm,48.05,data3/audio_clips/Trump/real/aowTnlSylRE_48.05s_f001440_c1.wav,Trump,real,0.2306213527917862
data3/frames_cropped/Trump/Rframes/LHd447EafFY_8.01s_f000240_c0.jpg,data3/Trump/Rvids/LHd447EafFY.webm,8.01,data3/audio_clips/Trump/real/LHd447EafFY_8.01s_f000240_c0.wav,Trump,real,0.5347161889076233
data3/frames_cropped/Trump/Rframes/f6S0Hhi5Y_w_16.02s_f000480_c0.jpg,data3/Trump/Rvids/f6S0Hhi5Y_w.webm,16.02,data3/audio_clips/Trump/real/f6S0Hhi5Y_w_16.02s_f000480_c0.wav,Trump,real,0.07101623713970184
data3/frames_cropped/Trump/Rframes/zMNAos1hotI_26.02s_f000624_c0.jpg,data3/Trump/Rvids/zMNAos1hotI.webm,26.02,data3/audio_clips/Trump/real/zMNAos1hotI_26.02s_f000624_c0.wav,Trump,real,0.19497278332710266
data3/frames_cropped/Trump/Rframes/cm6SK-IpDEs_16.01s_f000480_c0.jpg,data3/Trump/Rvids/cm6SK-IpDEs.webm,16.01,data3/audio_clips/Trump/real/cm6SK-IpDEs_16.01s_f000480_c0.wav,Trump,real,0.2646617591381073
data3/frames_cropped/Trump/Rframes/zMNAos1hotI_616.53s_f014784_c0.jpg,data3/Trump/Rvids/zMNAos1hotI.webm,616.53,data3/audio_clips/Trump/real/zMNAos1hotI_616.53s_f014784_c0.wav,Trump,real,0.3086255192756653
data3/frames_cropped/Trump/Rframes/f6S0Hhi5Y_w_4.00s_f000120_c0.jpg,data3/Trump/Rvids/f6S0Hhi5Y_w.webm,4.0,data3/audio_clips/Trump/real/f6S0Hhi5Y_w_4.00s_f000120_c0.wav,Trump,real,0.1894913911819458
data3/frames_cropped/Trump/Rframes/aowTnlSylRE_8.01s_f000240_c1.jpg,data3/Trump/Rvids/aowTnlSylRE.webm,8.01,data3/audio_clips/Trump/real/aowTnlSylRE_8.01s_f000240_c1.wav,Trump,real,0.3202599287033081
data3/frames_cropped/Trump/Rframes/cm6SK-IpDEs_18.02s_f000540_c0.jpg,data3/Trump/Rvids/cm6SK-IpDEs.webm,18.02,data3/audio_clips/Trump/real/cm6SK-IpDEs_18.02s_f000540_c0.wav,Trump,real,0.07056764513254166
data3/frames_cropped/Trump/Rframes/LHd447EafFY_26.03s_f000780_c0.jpg,data3/Trump/Rvids/LHd447EafFY.webm,26.03,data3/audio_clips/Trump/real/LHd447EafFY_26.03s_f000780_c0.wav,Trump,real,0.5176435708999634
data3/frames_cropped/Trump/Rframes/QtHybUMvahE_48.05s_f001440_c0.jpg,data3/Trump/Rvids/QtHybUMvahE.mkv,48.05,data3/audio_clips/Trump/real/QtHybUMvahE_48.05s_f001440_c0.wav,Trump,real,0.21421711146831512
data3/frames_cropped/Trump/Rframes/6VCHzGITvt0_28.00s_f000700_c1.jpg,data3/Trump/Rvids/6VCHzGITvt0.webm,28.0,data3/audio_clips/Trump/real/6VCHzGITvt0_28.00s_f000700_c1.wav,Trump,real,0.37360453605651855
data3/frames_cropped/Trump/Rframes/KlJQVONJDBo_90.09s_f002700_c1.jpg,data3/Trump/Rvids/KlJQVONJDBo.mkv,90.09,data3/audio_clips/Trump/real/KlJQVONJDBo_90.09s_f002700_c1.wav,Trump,real,0.13648031651973724
data3/frames_cropped/Trump/Rframes/KlJQVONJDBo_74.07s_f002220_c0.jpg,data3/Trump/Rvids/KlJQVONJDBo.mkv,74.07,data3/audio_clips/Trump/real/KlJQVONJDBo_74.07s_f002220_c0.wav,Trump,real,0.14714591205120087
data3/frames_cropped/Trump/Rframes/LHd447EafFY_28.03s_f000840_c0.jpg,data3/Trump/Rvids/LHd447EafFY.webm,28.03,data3/audio_clips/Trump/real/LHd447EafFY_28.03s_f000840_c0.wav,Trump,real,0.4552214741706848
data3/frames_cropped/Trump/Rframes/KlJQVONJDBo_62.06s_f001860_c0.jpg,data3/Trump/Rvids/KlJQVONJDBo.mkv,62.06,data3/audio_clips/Trump/real/KlJQVONJDBo_62.06s_f001860_c0.wav,Trump,real,0.138140007853508
data3/frames_cropped/Trump/Rframes/KlJQVONJDBo_72.07s_f002160_c0.jpg,data3/Trump/Rvids/KlJQVONJDBo.mkv,72.07,data3/audio_clips/Trump/real/KlJQVONJDBo_72.07s_f002160_c0.wav,Trump,real,0.14410637319087982
data3/frames_cropped/Trump/Rframes/LHd447EafFY_6.01s_f000180_c0.jpg,data3/Trump/Rvids/LHd447EafFY.webm,6.01,data3/audio_clips/Trump/real/LHd447EafFY_6.01s_f000180_c0.wav,Trump,real,0.11175151914358139
data3/frames_cropped/Trump/Rframes/cm6SK-IpDEs_108.10s_f003240_c0.jpg,data3/Trump/Rvids/cm6SK-IpDEs.webm,108.1,data3/audio_clips/Trump/real/cm6SK-IpDEs_108.10s_f003240_c0.wav,Trump,real,0.2725280523300171
data3/frames_cropped/Trump/Rframes/RvPVpzmhMEM_34.03s_f001020_c3.jpg,data3/Trump/Rvids/RvPVpzmhMEM.webm,34.03,data3/audio_clips/Trump/real/RvPVpzmhMEM_34.03s_f001020_c3.wav,Trump,real,0.09470689296722412
data3/frames_cropped/Trump/Rframes/RvPVpzmhMEM_42.04s_f001260_c3.jpg,data3/Trump/Rvids/RvPVpzmhMEM.webm,42.04,data3/audio_clips/Trump/real/RvPVpzmhMEM_42.04s_f001260_c3.wav,Trump,real,0.27241116762161255
data3/frames_cropped/Trump/Rframes/aowTnlSylRE_2.00s_f000060_c0.jpg,data3/Trump/Rvids/aowTnlSylRE.webm,2.0,data3/audio_clips/Trump/real/aowTnlSylRE_2.00s_f000060_c0.wav,Trump,real,0.30997249484062195
data3/frames_cropped/Trump/Rframes/cm6SK-IpDEs_98.09s_f002940_c0.jpg,data3/Trump/Rvids/cm6SK-IpDEs.webm,98.09,data3/audio_clips/Trump/real/cm6SK-IpDEs_98.09s_f002940_c0.wav,Trump,real,0.22109413146972656
data3/frames_cropped/Trump/Rframes/RvPVpzmhMEM_30.03s_f000900_c4.jpg,data3/Trump/Rvids/RvPVpzmhMEM.webm,30.03,data3/audio_clips/Trump/real/RvPVpzmhMEM_30.03s_f000900_c4.wav,Trump,real,0.2795957624912262
data3/frames_cropped/Trump/Rframes/KlJQVONJDBo_48.05s_f001440_c0.jpg,data3/Trump/Rvids/KlJQVONJDBo.mkv,48.05,data3/audio_clips/Trump/real/KlJQVONJDBo_48.05s_f001440_c0.wav,Trump,real,0.14945562183856964
data3/frames_cropped/Trump/Rframes/cm6SK-IpDEs_20.02s_f000600_c0.jpg,data3/Trump/Rvids/cm6SK-IpDEs.webm,20.02,data3/audio_clips/Trump/real/cm6SK-IpDEs_20.02s_f000600_c0.wav,Trump,real,0.08315756171941757
data3/frames_cropped/Trump/Rframes/zMNAos1hotI_622.53s_f014928_c1.jpg,data3/Trump/Rvids/zMNAos1hotI.webm,622.53,data3/audio_clips/Trump/real/zMNAos1hotI_622.53s_f014928_c1.wav,Trump,real,0.36633580923080444
data3/frames_cropped/Trump/Rframes/cm6SK-IpDEs_56.05s_f001680_c0.jpg,data3/Trump/Rvids/cm6SK-IpDEs.webm,56.05,data3/audio_clips/Trump/real/cm6SK-IpDEs_56.05s_f001680_c0.wav,Trump,real,0.09900688380002975
data3/frames_cropped/Trump/Rframes/aowTnlSylRE_44.04s_f001320_c1.jpg,data3/Trump/Rvids/aowTnlSylRE.webm,44.04,data3/audio_clips/Trump/real/aowTnlSylRE_44.04s_f001320_c1.wav,Trump,real,0.11214811354875565
data3/frames_cropped/Trump/Rframes/cm6SK-IpDEs_48.04s_f001440_c0.jpg,data3/Trump/Rvids/cm6SK-IpDEs.webm,48.04,data3/audio_clips/Trump/real/cm6SK-IpDEs_48.04s_f001440_c0.wav,Trump,real,0.31073880195617676
data3/frames_cropped/Trump/Fframes/ZyHVG8wEDyc_30.03s_f000900_c3.jpg,data3/Trump/Fvids/ZyHVG8wEDyc.mkv,30.03,data3/audio_clips/Trump/fake/ZyHVG8wEDyc_30.03s_f000900_c3.wav,Trump,fake,0.2784412205219269
data3/frames_cropped/Trump/Fframes/lrRSWc84_aM_54.00s_f001350_c0.jpg,data3/Trump/Fvids/lrRSWc84_aM.mkv,54.0,data3/audio_clips/Trump/fake/lrRSWc84_aM_54.00s_f001350_c0.wav,Trump,fake,0.32463338971138
data3/frames_cropped/Trump/Fframes/lrRSWc84_aM_2.00s_f000050_c0.jpg,data3/Trump/Fvids/lrRSWc84_aM.mkv,2.0,data3/audio_clips/Trump/fake/lrRSWc84_aM_2.00s_f000050_c0.wav,Trump,fake,0.27468523383140564
data3/frames_cropped/Trump/Fframes/kS4aOZYO53c_44.00s_f002640_c0.jpg,data3/Trump/Fvids/kS4aOZYO53c.webm,44.0,data3/audio_clips/Trump/fake/kS4aOZYO53c_44.00s_f002640_c0.wav,Trump,fake,0.09789691120386124
data3/frames_cropped/Trump/Fframes/lrRSWc84_aM_30.00s_f000750_c0.jpg,data3/Trump/Fvids/lrRSWc84_aM.mkv,30.0,data3/audio_clips/Trump/fake/lrRSWc84_aM_30.00s_f000750_c0.wav,Trump,fake,0.47550874948501587
data3/frames_cropped/Trump/Fframes/1909256201289994240_32.00s_f001920_c0.jpg,data3/Trump/Fvids/1909256201289994240.mp4,32.0,data3/audio_clips/Trump/fake/1909256201289994240_32.00s_f001920_c0.wav,Trump,fake,0.28811201453208923
data3/frames_cropped/Trump/Fframes/1909256201289994240_22.00s_f001320_c0.jpg,data3/Trump/Fvids/1909256201289994240.mp4,22.0,data3/audio_clips/Trump/fake/1909256201289994240_22.00s_f001320_c0.wav,Trump,fake,0.3905297517776489
data3/frames_cropped/Trump/Fframes/kS4aOZYO53c_6.00s_f000360_c0.jpg,data3/Trump/Fvids/kS4aOZYO53c.webm,6.0,data3/audio_clips/Trump/fake/kS4aOZYO53c_6.00s_f000360_c0.wav,Trump,fake,0.07564475387334824
data3/frames_cropped/Trump/Fframes/lrRSWc84_aM_48.00s_f001200_c0.jpg,data3/Trump/Fvids/lrRSWc84_aM.mkv,48.0,data3/audio_clips/Trump/fake/lrRSWc84_aM_48.00s_f001200_c0.wav,Trump,fake,0.361253023147583
data3/frames_cropped/Trump/Fframes/1909256201289994240_26.00s_f001560_c0.jpg,data3/Trump/Fvids/1909256201289994240.mp4,26.0,data3/audio_clips/Trump/fake/1909256201289994240_26.00s_f001560_c0.wav,Trump,fake,0.30534225702285767
data3/frames_cropped/Trump/Fframes/ZyHVG8wEDyc_30.03s_f000900_c1.jpg,data3/Trump/Fvids/ZyHVG8wEDyc.mkv,30.03,data3/audio_clips/Trump/fake/ZyHVG8wEDyc_30.03s_f000900_c1.wav,Trump,fake,0.2194676548242569
data3/frames_cropped/Trump/Fframes/1825869356967858177_104.00s_f003120_c0.jpg,data3/Trump/Fvids/1825869356967858177.mp4,104.0,data3/audio_clips/Trump/fake/1825869356967858177_104.00s_f003120_c0.wav,Trump,fake,0.4979044497013092
data3/frames_cropped/Trump/Fframes/kS4aOZYO53c_56.00s_f003360_c0.jpg,data3/Trump/Fvids/kS4aOZYO53c.webm,56.0,data3/audio_clips/Trump/fake/kS4aOZYO53c_56.00s_f003360_c0.wav,Trump,fake,0.08045195788145065
data3/frames_cropped/Trump/Fframes/lrRSWc84_aM_0.00s_f000000_c0.jpg,data3/Trump/Fvids/lrRSWc84_aM.mkv,0.0,data3/audio_clips/Trump/fake/lrRSWc84_aM_0.00s_f000000_c0.wav,Trump,fake,0.3529086112976074
data3/frames_cropped/Trump/Fframes/1825869356967858177_132.00s_f003960_c0.jpg,data3/Trump/Fvids/1825869356967858177.mp4,132.0,data3/audio_clips/Trump/fake/1825869356967858177_132.00s_f003960_c0.wav,Trump,fake,0.06605777144432068
data3/frames_cropped/Trump/Fframes/lrRSWc84_aM_16.00s_f000400_c0.jpg,data3/Trump/Fvids/lrRSWc84_aM.mkv,16.0,data3/audio_clips/Trump/fake/lrRSWc84_aM_16.00s_f000400_c0.wav,Trump,fake,0.4096837639808655
data3/frames_cropped/Trump/Fframes/kS4aOZYO53c_66.00s_f003960_c0.jpg,data3/Trump/Fvids/kS4aOZYO53c.webm,66.0,data3/audio_clips/Trump/fake/kS4aOZYO53c_66.00s_f003960_c0.wav,Trump,fake,0.08646424114704132
data3/frames_cropped/Trump/Fframes/kS4aOZYO53c_60.00s_f003600_c0.jpg,data3/Trump/Fvids/kS4aOZYO53c.webm,60.0,data3/audio_clips/Trump/fake/kS4aOZYO53c_60.00s_f003600_c0.wav,Trump,fake,0.1042957752943039
data3/frames_cropped/Trump/Fframes/1909197769165643776_6.01s_f000180_c0.jpg,data3/Trump/Fvids/1909197769165643776.mp4,6.01,data3/audio_clips/Trump/fake/1909197769165643776_6.01s_f000180_c0.wav,Trump,fake,0.300601065158844
data3/frames_cropped/Trump/Fframes/1909197769165643776_12.01s_f000360_c0.jpg,data3/Trump/Fvids/1909197769165643776.mp4,12.01,data3/audio_clips/Trump/fake/1909197769165643776_12.01s_f000360_c0.wav,Trump,fake,0.23916015028953552
data3/frames_cropped/Trump/Fframes/1909197769165643776_10.01s_f000300_c0.jpg,data3/Trump/Fvids/1909197769165643776.mp4,10.01,data3/audio_clips/Trump/fake/1909197769165643776_10.01s_f000300_c0.wav,Trump,fake,0.3189220726490021
data3/frames_cropped/Trump/Fframes/1825869356967858177_146.00s_f004380_c0.jpg,data3/Trump/Fvids/1825869356967858177.mp4,146.0,data3/audio_clips/Trump/fake/1825869356967858177_146.00s_f004380_c0.wav,Trump,fake,0.15249836444854736
data3/frames_cropped/Trump/Fframes/kS4aOZYO53c_20.00s_f001200_c0.jpg,data3/Trump/Fvids/kS4aOZYO53c.webm,20.0,data3/audio_clips/Trump/fake/kS4aOZYO53c_20.00s_f001200_c0.wav,Trump,fake,0.12826113402843475
data3/frames_cropped/Trump/Fframes/lrRSWc84_aM_36.00s_f000900_c0.jpg,data3/Trump/Fvids/lrRSWc84_aM.mkv,36.0,data3/audio_clips/Trump/fake/lrRSWc84_aM_36.00s_f000900_c0.wav,Trump,fake,0.38983821868896484
data3/frames_cropped/Trump/Fframes/lrRSWc84_aM_44.00s_f001100_c0.jpg,data3/Trump/Fvids/lrRSWc84_aM.mkv,44.0,data3/audio_clips/Trump/fake/lrRSWc84_aM_44.00s_f001100_c0.wav,Trump,fake,0.3654693365097046
data3/frames_cropped/Trump/Fframes/ZyHVG8wEDyc_16.02s_f000480_c1.jpg,data3/Trump/Fvids/ZyHVG8wEDyc.mkv,16.02,data3/audio_clips/Trump/fake/ZyHVG8wEDyc_16.02s_f000480_c1.wav,Trump,fake,0.1631903350353241
data3/frames_cropped/Trump/Fframes/kS4aOZYO53c_50.00s_f003000_c0.jpg,data3/Trump/Fvids/kS4aOZYO53c.webm,50.0,data3/audio_clips/Trump/fake/kS4aOZYO53c_50.00s_f003000_c0.wav,Trump,fake,0.06815499067306519
data3/frames_cropped/Trump/Fframes/lrRSWc84_aM_56.00s_f001400_c0.jpg,data3/Trump/Fvids/lrRSWc84_aM.mkv,56.0,data3/audio_clips/Trump/fake/lrRSWc84_aM_56.00s_f001400_c0.wav,Trump,fake,0.32989048957824707
data3/frames_cropped/Trump/Fframes/kS4aOZYO53c_24.00s_f001440_c0.jpg,data3/Trump/Fvids/kS4aOZYO53c.webm,24.0,data3/audio_clips/Trump/fake/kS4aOZYO53c_24.00s_f001440_c0.wav,Trump,fake,0.09046656638383865
data3/frames_cropped/Trump/Fframes/lrRSWc84_aM_20.00s_f000500_c0.jpg,data3/Trump/Fvids/lrRSWc84_aM.mkv,20.0,data3/audio_clips/Trump/fake/lrRSWc84_aM_20.00s_f000500_c0.wav,Trump,fake,0.4159305989742279
data3/frames_cropped/Trump/Fframes/1909197769165643776_8.01s_f000240_c0.jpg,data3/Trump/Fvids/1909197769165643776.mp4,8.01,data3/audio_clips/Trump/fake/1909197769165643776_8.01s_f000240_c0.wav,Trump,fake,0.28832492232322693
data3/frames_cropped/Trump/Fframes/kS4aOZYO53c_68.00s_f004080_c0.jpg,data3/Trump/Fvids/kS4aOZYO53c.webm,68.0,data3/audio_clips/Trump/fake/kS4aOZYO53c_68.00s_f004080_c0.wav,Trump,fake,0.1132238581776619
data3/frames_cropped/Trump/Fframes/kS4aOZYO53c_34.00s_f002040_c0.jpg,data3/Trump/Fvids/kS4aOZYO53c.webm,34.0,data3/audio_clips/Trump/fake/kS4aOZYO53c_34.00s_f002040_c0.wav,Trump,fake,0.1057993546128273
data3/frames_cropped/Trump/Fframes/lrRSWc84_aM_24.00s_f000600_c0.jpg,data3/Trump/Fvids/lrRSWc84_aM.mkv,24.0,data3/audio_clips/Trump/fake/lrRSWc84_aM_24.00s_f000600_c0.wav,Trump,fake,0.3089331388473511
data3/frames_cropped/Trump/Fframes/kS4aOZYO53c_30.00s_f001800_c0.jpg,data3/Trump/Fvids/kS4aOZYO53c.webm,30.0,data3/audio_clips/Trump/fake/kS4aOZYO53c_30.00s_f001800_c0.wav,Trump,fake,0.09798584878444672
data3/frames_cropped/Trump/Fframes/kS4aOZYO53c_14.00s_f000840_c0.jpg,data3/Trump/Fvids/kS4aOZYO53c.webm,14.0,data3/audio_clips/Trump/fake/kS4aOZYO53c_14.00s_f000840_c0.wav,Trump,fake,0.12039301544427872
data3/frames_cropped/Trump/Fframes/kS4aOZYO53c_42.00s_f002520_c0.jpg,data3/Trump/Fvids/kS4aOZYO53c.webm,42.0,data3/audio_clips/Trump/fake/kS4aOZYO53c_42.00s_f002520_c0.wav,Trump,fake,0.1427944302558899
data3/frames_cropped/Trump/Fframes/1909256201289994240_18.00s_f001080_c0.jpg,data3/Trump/Fvids/1909256201289994240.mp4,18.0,data3/audio_clips/Trump/fake/1909256201289994240_18.00s_f001080_c0.wav,Trump,fake,0.1925133317708969
data3/frames_cropped/Trump/Fframes/lrRSWc84_aM_22.00s_f000550_c0.jpg,data3/Trump/Fvids/lrRSWc84_aM.mkv,22.0,data3/audio_clips/Trump/fake/lrRSWc84_aM_22.00s_f000550_c0.wav,Trump,fake,0.3708041310310364
data3/frames_cropped/Trump/Fframes/1906554822158921728_0.00s_f000000_c0.jpg,data3/Trump/Fvids/1906554822158921728.mp4,0.0,data3/audio_clips/Trump/fake/1906554822158921728_0.00s_f000000_c0.wav,Trump,fake,0.21492862701416016
data3/frames_cropped/Trump/Fframes/lrRSWc84_aM_34.00s_f000850_c0.jpg,data3/Trump/Fvids/lrRSWc84_aM.mkv,34.0,data3/audio_clips/Trump/fake/lrRSWc84_aM_34.00s_f000850_c0.wav,Trump,fake,0.30071210861206055
data3/frames_cropped/Trump/Fframes/lrRSWc84_aM_14.00s_f000350_c0.jpg,data3/Trump/Fvids/lrRSWc84_aM.mkv,14.0,data3/audio_clips/Trump/fake/lrRSWc84_aM_14.00s_f000350_c0.wav,Trump,fake,0.31854504346847534
data3/frames_cropped/Trump/Fframes/lrRSWc84_aM_46.00s_f001150_c0.jpg,data3/Trump/Fvids/lrRSWc84_aM.mkv,46.0,data3/audio_clips/Trump/fake/lrRSWc84_aM_46.00s_f001150_c0.wav,Trump,fake,0.4382074177265167
data3/frames_cropped/Trump/Fframes/lrRSWc84_aM_26.00s_f000650_c0.jpg,data3/Trump/Fvids/lrRSWc84_aM.mkv,26.0,data3/audio_clips/Trump/fake/lrRSWc84_aM_26.00s_f000650_c0.wav,Trump,fake,0.41925048828125
data3/frames_cropped/Trump/Fframes/ZyHVG8wEDyc_32.03s_f000960_c2.jpg,data3/Trump/Fvids/ZyHVG8wEDyc.mkv,32.03,data3/audio_clips/Trump/fake/ZyHVG8wEDyc_32.03s_f000960_c2.wav,Trump,fake,0.15789535641670227
data3/frames_cropped/Trump/Fframes/kS4aOZYO53c_0.00s_f000000_c0.jpg,data3/Trump/Fvids/kS4aOZYO53c.webm,0.0,data3/audio_clips/Trump/fake/kS4aOZYO53c_0.00s_f000000_c0.wav,Trump,fake,0.07716810703277588
data3/frames_cropped/Trump/Fframes/1825869356967858177_22.00s_f000660_c0.jpg,data3/Trump/Fvids/1825869356967858177.mp4,22.0,data3/audio_clips/Trump/fake/1825869356967858177_22.00s_f000660_c0.wav,Trump,fake,0.11968308687210083
data3/frames_cropped/Trump/Fframes/ZyHVG8wEDyc_24.02s_f000720_c1.jpg,data3/Trump/Fvids/ZyHVG8wEDyc.mkv,24.02,data3/audio_clips/Trump/fake/ZyHVG8wEDyc_24.02s_f000720_c1.wav,Trump,fake,0.12038645148277283
data3/frames_cropped/Trump/Fframes/1825869356967858177_80.00s_f002400_c0.jpg,data3/Trump/Fvids/1825869356967858177.mp4,80.0,data3/audio_clips/Trump/fake/1825869356967858177_80.00s_f002400_c0.wav,Trump,fake,0.29388904571533203
data3/frames_cropped/Trump/Fframes/1909197769165643776_2.00s_f000060_c0.jpg,data3/Trump/Fvids/1909197769165643776.mp4,2.0,data3/audio_clips/Trump/fake/1909197769165643776_2.00s_f000060_c0.wav,Trump,fake,0.23600433766841888
data3/frames_cropped/Trump/Fframes/kS4aOZYO53c_12.00s_f000720_c0.jpg,data3/Trump/Fvids/kS4aOZYO53c.webm,12.0,data3/audio_clips/Trump/fake/kS4aOZYO53c_12.00s_f000720_c0.wav,Trump,fake,0.07506422698497772
data3/frames_cropped/Trump/Fframes/ZyHVG8wEDyc_32.03s_f000960_c3.jpg,data3/Trump/Fvids/ZyHVG8wEDyc.mkv,32.03,data3/audio_clips/Trump/fake/ZyHVG8wEDyc_32.03s_f000960_c3.wav,Trump,fake,0.2168119251728058
data3/frames_cropped/Trump/Fframes/ZyHVG8wEDyc_26.03s_f000780_c1.jpg,data3/Trump/Fvids/ZyHVG8wEDyc.mkv,26.03,data3/audio_clips/Trump/fake/ZyHVG8wEDyc_26.03s_f000780_c1.wav,Trump,fake,0.3040309250354767
data3/frames_cropped/Trump/Fframes/kS4aOZYO53c_70.00s_f004200_c0.jpg,data3/Trump/Fvids/kS4aOZYO53c.webm,70.0,data3/audio_clips/Trump/fake/kS4aOZYO53c_70.00s_f004200_c0.wav,Trump,fake,0.0890519991517067
data3/frames_cropped/Trump/Fframes/kS4aOZYO53c_62.00s_f003720_c0.jpg,data3/Trump/Fvids/kS4aOZYO53c.webm,62.0,data3/audio_clips/Trump/fake/kS4aOZYO53c_62.00s_f003720_c0.wav,Trump,fake,0.0865631029009819
data3/frames_cropped/Trump/Fframes/kS4aOZYO53c_18.00s_f001080_c0.jpg,data3/Trump/Fvids/kS4aOZYO53c.webm,18.0,data3/audio_clips/Trump/fake/kS4aOZYO53c_18.00s_f001080_c0.wav,Trump,fake,0.11710324883460999
data3/frames_cropped/Trump/Fframes/lrRSWc84_aM_4.00s_f000100_c0.jpg,data3/Trump/Fvids/lrRSWc84_aM.mkv,4.0,data3/audio_clips/Trump/fake/lrRSWc84_aM_4.00s_f000100_c0.wav,Trump,fake,0.30376094579696655
data3/frames_cropped/Trump/Fframes/lrRSWc84_aM_38.00s_f000950_c0.jpg,data3/Trump/Fvids/lrRSWc84_aM.mkv,38.0,data3/audio_clips/Trump/fake/lrRSWc84_aM_38.00s_f000950_c0.wav,Trump,fake,0.47922006249427795
data3/frames_cropped/Trump/Fframes/lrRSWc84_aM_52.00s_f001300_c0.jpg,data3/Trump/Fvids/lrRSWc84_aM.mkv,52.0,data3/audio_clips/Trump/fake/lrRSWc84_aM_52.00s_f001300_c0.wav,Trump,fake,0.36555618047714233
data3/frames_cropped/Trump/Fframes/1825869356967858177_102.00s_f003060_c1.jpg,data3/Trump/Fvids/1825869356967858177.mp4,102.0,data3/audio_clips/Trump/fake/1825869356967858177_102.00s_f003060_c1.wav,Trump,fake,0.41211920976638794
data3/frames_cropped/Trump/Fframes/kS4aOZYO53c_54.00s_f003240_c0.jpg,data3/Trump/Fvids/kS4aOZYO53c.webm,54.0,data3/audio_clips/Trump/fake/kS4aOZYO53c_54.00s_f003240_c0.wav,Trump,fake,0.09548503160476685
data3/frames_cropped/Trump/Fframes/ZyHVG8wEDyc_18.02s_f000540_c1.jpg,data3/Trump/Fvids/ZyHVG8wEDyc.mkv,18.02,data3/audio_clips/Trump/fake/ZyHVG8wEDyc_18.02s_f000540_c1.wav,Trump,fake,0.27187037467956543
data3/frames_cropped/Trump/Fframes/kS4aOZYO53c_64.00s_f003840_c0.jpg,data3/Trump/Fvids/kS4aOZYO53c.webm,64.0,data3/audio_clips/Trump/fake/kS4aOZYO53c_64.00s_f003840_c0.wav,Trump,fake,0.09571165591478348
data3/frames_cropped/Trump/Fframes/1909524535356817408_5.99s_f000180_c0.jpg,data3/Trump/Fvids/1909524535356817408.mp4,5.99,data3/audio_clips/Trump/fake/1909524535356817408_5.99s_f000180_c0.wav,Trump,fake,0.19079355895519257
data3/frames_cropped/Trump/Fframes/lrRSWc84_aM_50.00s_f001250_c0.jpg,data3/Trump/Fvids/lrRSWc84_aM.mkv,50.0,data3/audio_clips/Trump/fake/lrRSWc84_aM_50.00s_f001250_c0.wav,Trump,fake,0.37770500779151917
data3/frames_cropped/Trump/Fframes/1909256201289994240_20.00s_f001200_c0.jpg,data3/Trump/Fvids/1909256201289994240.mp4,20.0,data3/audio_clips/Trump/fake/1909256201289994240_20.00s_f001200_c0.wav,Trump,fake,0.15365901589393616
data3/frames_cropped/Trump/Fframes/kS4aOZYO53c_4.00s_f000240_c0.jpg,data3/Trump/Fvids/kS4aOZYO53c.webm,4.0,data3/audio_clips/Trump/fake/kS4aOZYO53c_4.00s_f000240_c0.wav,Trump,fake,0.10558874905109406
data3/frames_cropped/Trump/Fframes/lrRSWc84_aM_6.00s_f000150_c0.jpg,data3/Trump/Fvids/lrRSWc84_aM.mkv,6.0,data3/audio_clips/Trump/fake/lrRSWc84_aM_6.00s_f000150_c0.wav,Trump,fake,0.33504074811935425
data3/frames_cropped/Trump/Fframes/lrRSWc84_aM_28.00s_f000700_c0.jpg,data3/Trump/Fvids/lrRSWc84_aM.mkv,28.0,data3/audio_clips/Trump/fake/lrRSWc84_aM_28.00s_f000700_c0.wav,Trump,fake,0.32246673107147217
data3/frames_cropped/Trump/Fframes/kS4aOZYO53c_46.00s_f002760_c0.jpg,data3/Trump/Fvids/kS4aOZYO53c.webm,46.0,data3/audio_clips/Trump/fake/kS4aOZYO53c_46.00s_f002760_c0.wav,Trump,fake,0.10937824100255966
data3/frames_cropped/Trump/Fframes/1909197769165643776_4.00s_f000120_c0.jpg,data3/Trump/Fvids/1909197769165643776.mp4,4.0,data3/audio_clips/Trump/fake/1909197769165643776_4.00s_f000120_c0.wav,Trump,fake,0.29034149646759033
data3/frames_cropped/Trump/Fframes/1825869356967858177_126.00s_f003780_c0.jpg,data3/Trump/Fvids/1825869356967858177.mp4,126.0,data3/audio_clips/Trump/fake/1825869356967858177_126.00s_f003780_c0.wav,Trump,fake,0.17925390601158142
data3/frames_cropped/Trump/Fframes/kS4aOZYO53c_2.00s_f000120_c0.jpg,data3/Trump/Fvids/kS4aOZYO53c.webm,2.0,data3/audio_clips/Trump/fake/kS4aOZYO53c_2.00s_f000120_c0.wav,Trump,fake,0.09862921386957169
data3/frames_cropped/Trump/Fframes/kS4aOZYO53c_48.00s_f002880_c0.jpg,data3/Trump/Fvids/kS4aOZYO53c.webm,48.0,data3/audio_clips/Trump/fake/kS4aOZYO53c_48.00s_f002880_c0.wav,Trump,fake,0.09683015942573547
data3/frames_cropped/Trump/Fframes/kS4aOZYO53c_8.00s_f000480_c0.jpg,data3/Trump/Fvids/kS4aOZYO53c.webm,8.0,data3/audio_clips/Trump/fake/kS4aOZYO53c_8.00s_f000480_c0.wav,Trump,fake,0.10899083316326141
data3/frames_cropped/Trump/Fframes/kS4aOZYO53c_10.00s_f000600_c0.jpg,data3/Trump/Fvids/kS4aOZYO53c.webm,10.0,data3/audio_clips/Trump/fake/kS4aOZYO53c_10.00s_f000600_c0.wav,Trump,fake,0.0885617658495903
data3/frames_cropped/Trump/Fframes/ZyHVG8wEDyc_22.02s_f000660_c1.jpg,data3/Trump/Fvids/ZyHVG8wEDyc.mkv,22.02,data3/audio_clips/Trump/fake/ZyHVG8wEDyc_22.02s_f000660_c1.wav,Trump,fake,0.20376193523406982
data3/frames_cropped/Trump/Fframes/lrRSWc84_aM_10.00s_f000250_c0.jpg,data3/Trump/Fvids/lrRSWc84_aM.mkv,10.0,data3/audio_clips/Trump/fake/lrRSWc84_aM_10.00s_f000250_c0.wav,Trump,fake,0.3618670403957367
data3/frames_cropped/Trump/Fframes/lrRSWc84_aM_42.00s_f001050_c0.jpg,data3/Trump/Fvids/lrRSWc84_aM.mkv,42.0,data3/audio_clips/Trump/fake/lrRSWc84_aM_42.00s_f001050_c0.wav,Trump,fake,0.3494921922683716
data3/frames_cropped/Trump/Fframes/1825869356967858177_24.00s_f000720_c0.jpg,data3/Trump/Fvids/1825869356967858177.mp4,24.0,data3/audio_clips/Trump/fake/1825869356967858177_24.00s_f000720_c0.wav,Trump,fake,0.10491252690553665
data3/frames_cropped/Trump/Fframes/1825869356967858177_144.00s_f004320_c0.jpg,data3/Trump/Fvids/1825869356967858177.mp4,144.0,data3/audio_clips/Trump/fake/1825869356967858177_144.00s_f004320_c0.wav,Trump,fake,0.1530466228723526
data3/frames_cropped/Trump/Fframes/kS4aOZYO53c_16.00s_f000960_c0.jpg,data3/Trump/Fvids/kS4aOZYO53c.webm,16.0,data3/audio_clips/Trump/fake/kS4aOZYO53c_16.00s_f000960_c0.wav,Trump,fake,0.08613952249288559
data3/frames_cropped/Trump/Fframes/kS4aOZYO53c_40.00s_f002400_c0.jpg,data3/Trump/Fvids/kS4aOZYO53c.webm,40.0,data3/audio_clips/Trump/fake/kS4aOZYO53c_40.00s_f002400_c0.wav,Trump,fake,0.09574068337678909
data3/frames_cropped/Trump/Fframes/lrRSWc84_aM_8.00s_f000200_c0.jpg,data3/Trump/Fvids/lrRSWc84_aM.mkv,8.0,data3/audio_clips/Trump/fake/lrRSWc84_aM_8.00s_f000200_c0.wav,Trump,fake,0.4451259672641754
data3/frames_cropped/Trump/Fframes/lrRSWc84_aM_32.00s_f000800_c0.jpg,data3/Trump/Fvids/lrRSWc84_aM.mkv,32.0,data3/audio_clips/Trump/fake/lrRSWc84_aM_32.00s_f000800_c0.wav,Trump,fake,0.2989445924758911
data3/frames_cropped/Trump/Fframes/1909524535356817408_9.99s_f000300_c0.jpg,data3/Trump/Fvids/1909524535356817408.mp4,9.99,data3/audio_clips/Trump/fake/1909524535356817408_9.99s_f000300_c0.wav,Trump,fake,0.14790035784244537
data3/frames_cropped/Trump/Fframes/lrRSWc84_aM_40.00s_f001000_c0.jpg,data3/Trump/Fvids/lrRSWc84_aM.mkv,40.0,data3/audio_clips/Trump/fake/lrRSWc84_aM_40.00s_f001000_c0.wav,Trump,fake,0.3730958104133606
data3/frames_cropped/Trump/Fframes/lrRSWc84_aM_12.00s_f000300_c0.jpg,data3/Trump/Fvids/lrRSWc84_aM.mkv,12.0,data3/audio_clips/Trump/fake/lrRSWc84_aM_12.00s_f000300_c0.wav,Trump,fake,0.3622263967990875
data3/frames_cropped/Trump/Fframes/1909197769165643776_14.01s_f000420_c0.jpg,data3/Trump/Fvids/1909197769165643776.mp4,14.01,data3/audio_clips/Trump/fake/1909197769165643776_14.01s_f000420_c0.wav,Trump,fake,0.27767765522003174
data3/frames_cropped/Trump/Fframes/lrRSWc84_aM_18.00s_f000450_c0.jpg,data3/Trump/Fvids/lrRSWc84_aM.mkv,18.0,data3/audio_clips/Trump/fake/lrRSWc84_aM_18.00s_f000450_c0.wav,Trump,fake,0.39127829670906067
data3/frames_cropped/Trump/Fframes/kS4aOZYO53c_32.00s_f001920_c0.jpg,data3/Trump/Fvids/kS4aOZYO53c.webm,32.0,data3/audio_clips/Trump/fake/kS4aOZYO53c_32.00s_f001920_c0.wav,Trump,fake,0.10712536424398422
data3/frames_cropped/Trump/Fframes/kS4aOZYO53c_38.00s_f002280_c0.jpg,data3/Trump/Fvids/kS4aOZYO53c.webm,38.0,data3/audio_clips/Trump/fake/kS4aOZYO53c_38.00s_f002280_c0.wav,Trump,fake,0.10755711048841476
data3/frames_cropped/Trump/Fframes/kS4aOZYO53c_36.00s_f002160_c0.jpg,data3/Trump/Fvids/kS4aOZYO53c.webm,36.0,data3/audio_clips/Trump/fake/kS4aOZYO53c_36.00s_f002160_c0.wav,Trump,fake,0.11381201446056366
data3/frames_cropped/Trump/Fframes/kS4aOZYO53c_58.00s_f003480_c0.jpg,data3/Trump/Fvids/kS4aOZYO53c.webm,58.0,data3/audio_clips/Trump/fake/kS4aOZYO53c_58.00s_f003480_c0.wav,Trump,fake,0.10062509030103683
data3/frames_cropped/Trump/Fframes/kS4aOZYO53c_22.00s_f001320_c0.jpg,data3/Trump/Fvids/kS4aOZYO53c.webm,22.0,data3/audio_clips/Trump/fake/kS4aOZYO53c_22.00s_f001320_c0.wav,Trump,fake,0.13079658150672913
data3/frames_cropped/Trump/Fframes/kS4aOZYO53c_26.00s_f001560_c0.jpg,data3/Trump/Fvids/kS4aOZYO53c.webm,26.0,data3/audio_clips/Trump/fake/kS4aOZYO53c_26.00s_f001560_c0.wav,Trump,fake,0.08387856930494308
data3/frames_cropped/Trump/Fframes/kS4aOZYO53c_28.00s_f001680_c0.jpg,data3/Trump/Fvids/kS4aOZYO53c.webm,28.0,data3/audio_clips/Trump/fake/kS4aOZYO53c_28.00s_f001680_c0.wav,Trump,fake,0.11318077892065048
data3/frames_cropped/Trump/Fframes/kS4aOZYO53c_52.00s_f003120_c0.jpg,data3/Trump/Fvids/kS4aOZYO53c.webm,52.0,data3/audio_clips/Trump/fake/kS4aOZYO53c_52.00s_f003120_c0.wav,Trump,fake,0.17628096044063568
